files,labels,folds
/home/thales/src/ajaac/datasets/DeepShip/DeepShip_5k_seg_3s/Tanker/ARGENT_DAISY-82-20180722_seg155.wav,0,0
/home/thales/src/ajaac/datasets/DeepShip/DeepShip_5k_seg_3s/Tanker/ARGENT_DAISY-82-20160616_seg094.wav,0,0
/home/thales/src/ajaac/datasets/DeepShip/DeepShip_5k_seg_3s/Tanker/ARGENT_DAISY-82-20180722_seg152.wav,0,0
/home/thales/src/ajaac/datasets/DeepShip/DeepShip_5k_seg_3s/Tanker/SEAVOYAGER-80-20180411_seg052.wav,0,0
/home/thales/src/ajaac/datasets/DeepShip/DeepShip_5k_seg_3s/Tanker/CHEMBULK_LINDY-80-20171121_seg004.wav,0,0
/home/thales/src/ajaac/datasets/DeepShip/DeepShip_5k_seg_3s/Tanker/NAVIG8_AMETRINE-80-20180121_seg066.wav,0,0
/home/thales/src/ajaac/datasets/DeepShip/DeepShip_5k_seg_3s/Tanker/OVERSEAS_ATHENS-80-20160704_seg071.wav,0,0
/home/thales/src/ajaac/datasets/DeepShip/DeepShip_5k_seg_3s/Tanker/AMAGI_GALAXY-89-20170419_seg092.wav,0,0
/home/thales/src/ajaac/datasets/DeepShip/DeepShip_5k_seg_3s/Tanker/SEAVOYAGER-80-20180411_seg083.wav,0,0
/home/thales/src/ajaac/datasets/DeepShip/DeepShip_5k_seg_3s/Tanker/OVERSEAS_ATHENS-80-20160704_seg109.wav,0,0
/home/thales/src/ajaac/datasets/DeepShip/DeepShip_5k_seg_3s/Tanker/AMAGI_GALAXY-89-20170419_seg024.wav,0,0
/home/thales/src/ajaac/datasets/DeepShip/DeepShip_5k_seg_3s/Tanker/ARGENT_DAISY-82-20180722_seg033.wav,0,0
/home/thales/src/ajaac/datasets/DeepShip/DeepShip_5k_seg_3s/Tanker/FUJI_GALAXY-82-20161208_seg008.wav,0,0
/home/thales/src/ajaac/datasets/DeepShip/DeepShip_5k_seg_3s/Tanker/OVERSEAS_ATHENS-80-20160704_seg010.wav,0,0
/home/thales/src/ajaac/datasets/DeepShip/DeepShip_5k_seg_3s/Tanker/ARGENT_DAISY-82-20160616_seg018.wav,0,0
/home/thales/src/ajaac/datasets/DeepShip/DeepShip_5k_seg_3s/Tanker/ESER_K-80-20160516_seg044.wav,0,1
/home/thales/src/ajaac/datasets/DeepShip/DeepShip_5k_seg_3s/Tanker/NORD_STEADY-80-20171128_seg005.wav,0,1
/home/thales/src/ajaac/datasets/DeepShip/DeepShip_5k_seg_3s/Tanker/NAVIG8_AMETHYST-80-20170901_seg077.wav,0,1
/home/thales/src/ajaac/datasets/DeepShip/DeepShip_5k_seg_3s/Tanker/KIRKEHOLMEN-89-20160509_seg029.wav,0,1
/home/thales/src/ajaac/datasets/DeepShip/DeepShip_5k_seg_3s/Tanker/NORD_STEADY-80-20160808_seg050.wav,0,1
/home/thales/src/ajaac/datasets/DeepShip/DeepShip_5k_seg_3s/Tanker/CHAMPION_EBONY-89-20160515_seg030.wav,0,1
/home/thales/src/ajaac/datasets/DeepShip/DeepShip_5k_seg_3s/Tanker/KIRKEHOLMEN-89-20160509_seg051.wav,0,1
/home/thales/src/ajaac/datasets/DeepShip/DeepShip_5k_seg_3s/Tanker/KIRKEHOLMEN-89-20180413_seg124.wav,0,1
/home/thales/src/ajaac/datasets/DeepShip/DeepShip_5k_seg_3s/Tanker/NORD_STEADY-80-20160808_seg093.wav,0,1
/home/thales/src/ajaac/datasets/DeepShip/DeepShip_5k_seg_3s/Tanker/NORD_STEADY-80-20160808_seg095.wav,0,1
/home/thales/src/ajaac/datasets/DeepShip/DeepShip_5k_seg_3s/Tanker/ARGENT_DAISY-89-20160924_seg027.wav,0,1
/home/thales/src/ajaac/datasets/DeepShip/DeepShip_5k_seg_3s/Tanker/CHAMPION_EBONY-80-20170705_seg050.wav,0,1
/home/thales/src/ajaac/datasets/DeepShip/DeepShip_5k_seg_3s/Tanker/NORD_STEADY-80-20160808_seg053.wav,0,1
/home/thales/src/ajaac/datasets/DeepShip/DeepShip_5k_seg_3s/Tanker/NAVIG8_AMBER-80-20170317_seg034.wav,0,1
/home/thales/src/ajaac/datasets/DeepShip/DeepShip_5k_seg_3s/Tanker/CHAMPION_EBONY-80-20170705_seg068.wav,0,1
/home/thales/src/ajaac/datasets/DeepShip/DeepShip_5k_seg_3s/Tanker/NORD_STEADY-80-20161022_seg003.wav,0,2
/home/thales/src/ajaac/datasets/DeepShip/DeepShip_5k_seg_3s/Tanker/ARGENT_DAISY-82-20161121_seg005.wav,0,2
/home/thales/src/ajaac/datasets/DeepShip/DeepShip_5k_seg_3s/Tanker/CHAMPION_ISTRA-80-20171126_seg048.wav,0,2
/home/thales/src/ajaac/datasets/DeepShip/DeepShip_5k_seg_3s/Tanker/NORD_STEADY-80-20171207_seg072.wav,0,2
/home/thales/src/ajaac/datasets/DeepShip/DeepShip_5k_seg_3s/Tanker/TAVROPOS_636016731-80-20180618_seg034.wav,0,2
/home/thales/src/ajaac/datasets/DeepShip/DeepShip_5k_seg_3s/Tanker/NORD_STEADY-80-20161022_seg066.wav,0,2
/home/thales/src/ajaac/datasets/DeepShip/DeepShip_5k_seg_3s/Tanker/NORD_STEADY-80-20171207_seg026.wav,0,2
/home/thales/src/ajaac/datasets/DeepShip/DeepShip_5k_seg_3s/Tanker/EMMA_VICTORY-80-20160823_seg011.wav,0,2
/home/thales/src/ajaac/datasets/DeepShip/DeepShip_5k_seg_3s/Tanker/NORD_STEADY-80-20171207_seg016.wav,0,2
/home/thales/src/ajaac/datasets/DeepShip/DeepShip_5k_seg_3s/Tanker/CABO_DE-80-20180311_seg016.wav,0,2
/home/thales/src/ajaac/datasets/DeepShip/DeepShip_5k_seg_3s/Tanker/TAVROPOS_636016731-80-20180618_seg121.wav,0,2
/home/thales/src/ajaac/datasets/DeepShip/DeepShip_5k_seg_3s/Tanker/KIRKEHOLMEN-89-20170822_seg042.wav,0,2
/home/thales/src/ajaac/datasets/DeepShip/DeepShip_5k_seg_3s/Tanker/NORD_STEADY-80-20170425_seg090.wav,0,2
/home/thales/src/ajaac/datasets/DeepShip/DeepShip_5k_seg_3s/Tanker/CHAMPION_ISTRA-80-20171126_seg080.wav,0,2
/home/thales/src/ajaac/datasets/DeepShip/DeepShip_5k_seg_3s/Tanker/LOUIS_P-83-20161124_seg025.wav,0,2
/home/thales/src/ajaac/datasets/DeepShip/DeepShip_5k_seg_3s/Tanker/CTG_MAGNESIUM-83-20180507_seg165.wav,0,3
/home/thales/src/ajaac/datasets/DeepShip/DeepShip_5k_seg_3s/Tanker/NORD_STEADY-80-20171223_seg012.wav,0,3
/home/thales/src/ajaac/datasets/DeepShip/DeepShip_5k_seg_3s/Tanker/AGNES_VICTORY-80-20180330_seg056.wav,0,3
/home/thales/src/ajaac/datasets/DeepShip/DeepShip_5k_seg_3s/Tanker/NAVIG8_AMESSI-82-20180612_seg048.wav,0,3
/home/thales/src/ajaac/datasets/DeepShip/DeepShip_5k_seg_3s/Tanker/KIRKEHOLMEN-89-20170828_seg084.wav,0,3
/home/thales/src/ajaac/datasets/DeepShip/DeepShip_5k_seg_3s/Tanker/CHEMICAL_AQUARIUS-82-20160702_seg001.wav,0,3
/home/thales/src/ajaac/datasets/DeepShip/DeepShip_5k_seg_3s/Tanker/CHAMPION_EBONY-80-20170712_seg148.wav,0,3
/home/thales/src/ajaac/datasets/DeepShip/DeepShip_5k_seg_3s/Tanker/NORD_STEADY-80-20170723_seg021.wav,0,3
/home/thales/src/ajaac/datasets/DeepShip/DeepShip_5k_seg_3s/Tanker/CHEMBULK_LINDY-89-20170409_seg136.wav,0,3
/home/thales/src/ajaac/datasets/DeepShip/DeepShip_5k_seg_3s/Tanker/NAVIG8_AMESSI-82-20180612_seg093.wav,0,3
/home/thales/src/ajaac/datasets/DeepShip/DeepShip_5k_seg_3s/Tanker/KAIMON_GALAXY-82-20170621_seg004.wav,0,3
/home/thales/src/ajaac/datasets/DeepShip/DeepShip_5k_seg_3s/Tanker/KIRKEHOLMEN-89-20170828_seg073.wav,0,3
/home/thales/src/ajaac/datasets/DeepShip/DeepShip_5k_seg_3s/Tanker/HIGH_ENDURANCE-80-20160724_seg045.wav,0,3
/home/thales/src/ajaac/datasets/DeepShip/DeepShip_5k_seg_3s/Tanker/THOMAS_ZAFIRAS-80-20180821_seg058.wav,0,3
/home/thales/src/ajaac/datasets/DeepShip/DeepShip_5k_seg_3s/Tanker/NAVIG8_AMESSI-82-20180612_seg108.wav,0,3
/home/thales/src/ajaac/datasets/DeepShip/DeepShip_5k_seg_3s/Tanker/LOUIS_P-82-20160617_seg150.wav,0,4
/home/thales/src/ajaac/datasets/DeepShip/DeepShip_5k_seg_3s/Tanker/NORD_STEADY-80-20171110_seg074.wav,0,4
/home/thales/src/ajaac/datasets/DeepShip/DeepShip_5k_seg_3s/Tanker/LOUIS_P-82-20160617_seg066.wav,0,4
/home/thales/src/ajaac/datasets/DeepShip/DeepShip_5k_seg_3s/Tanker/KAIMON_GALAXY-82-20170627_seg126.wav,0,4
/home/thales/src/ajaac/datasets/DeepShip/DeepShip_5k_seg_3s/Tanker/KAIMON_GALAXY-82-20170627_seg061.wav,0,4
/home/thales/src/ajaac/datasets/DeepShip/DeepShip_5k_seg_3s/Tanker/LOUIS_P-82-20160617_seg058.wav,0,4
/home/thales/src/ajaac/datasets/DeepShip/DeepShip_5k_seg_3s/Tanker/SOLOMON_SEA-80-20180330_seg020.wav,0,4
/home/thales/src/ajaac/datasets/DeepShip/DeepShip_5k_seg_3s/Tanker/LOUIS_P-82-20160617_seg065.wav,0,4
/home/thales/src/ajaac/datasets/DeepShip/DeepShip_5k_seg_3s/Tanker/ARISTAIOS-80-20170711_seg107.wav,0,4
/home/thales/src/ajaac/datasets/DeepShip/DeepShip_5k_seg_3s/Tanker/ARISTAIOS-80-20170711_seg176.wav,0,4
/home/thales/src/ajaac/datasets/DeepShip/DeepShip_5k_seg_3s/Tanker/LOUIS_P-82-20160617_seg102.wav,0,4
/home/thales/src/ajaac/datasets/DeepShip/DeepShip_5k_seg_3s/Tanker/ARISTAIOS-80-20170711_seg042.wav,0,4
/home/thales/src/ajaac/datasets/DeepShip/DeepShip_5k_seg_3s/Tanker/KAIMON_GALAXY-82-20170627_seg131.wav,0,4
/home/thales/src/ajaac/datasets/DeepShip/DeepShip_5k_seg_3s/Tanker/LOUIS_P-82-20160617_seg086.wav,0,4
/home/thales/src/ajaac/datasets/DeepShip/DeepShip_5k_seg_3s/Tanker/TORM_ASLAUG-89-20170124_seg010.wav,0,4
/home/thales/src/ajaac/datasets/DeepShip/DeepShip_5k_seg_3s/Tanker/LIME_GALAXY-89-20170614_seg087.wav,0,5
/home/thales/src/ajaac/datasets/DeepShip/DeepShip_5k_seg_3s/Tanker/SONGA_PRIDE-89-20180221_seg121.wav,0,5
/home/thales/src/ajaac/datasets/DeepShip/DeepShip_5k_seg_3s/Tanker/SONGA_PRIDE-89-20180221_seg032.wav,0,5
/home/thales/src/ajaac/datasets/DeepShip/DeepShip_5k_seg_3s/Tanker/LIME_GALAXY-89-20170614_seg018.wav,0,5
/home/thales/src/ajaac/datasets/DeepShip/DeepShip_5k_seg_3s/Tanker/LIME_GALAXY-89-20170614_seg034.wav,0,5
/home/thales/src/ajaac/datasets/DeepShip/DeepShip_5k_seg_3s/Tanker/HELLAS_AVATAR-80-20170512_seg046.wav,0,5
/home/thales/src/ajaac/datasets/DeepShip/DeepShip_5k_seg_3s/Tanker/KIRKEHOLMEN-89-20170728_seg032.wav,0,5
/home/thales/src/ajaac/datasets/DeepShip/DeepShip_5k_seg_3s/Tanker/LIME_GALAXY-89-20170614_seg104.wav,0,5
/home/thales/src/ajaac/datasets/DeepShip/DeepShip_5k_seg_3s/Tanker/LIME_GALAXY-89-20170614_seg130.wav,0,5
/home/thales/src/ajaac/datasets/DeepShip/DeepShip_5k_seg_3s/Tanker/SONGA_PRIDE-89-20180221_seg046.wav,0,5
/home/thales/src/ajaac/datasets/DeepShip/DeepShip_5k_seg_3s/Tanker/SONGA_PRIDE-89-20180221_seg047.wav,0,5
/home/thales/src/ajaac/datasets/DeepShip/DeepShip_5k_seg_3s/Tanker/CHEMBULK_NEW-80-20161002_seg005.wav,0,5
/home/thales/src/ajaac/datasets/DeepShip/DeepShip_5k_seg_3s/Tanker/OTTO_H-80-20180314_seg016.wav,0,5
/home/thales/src/ajaac/datasets/DeepShip/DeepShip_5k_seg_3s/Tanker/OTTO_H-80-20180314_seg062.wav,0,5
/home/thales/src/ajaac/datasets/DeepShip/DeepShip_5k_seg_3s/Tanker/OTTO_H-80-20180314_seg077.wav,0,5
/home/thales/src/ajaac/datasets/DeepShip/DeepShip_5k_seg_3s/Tanker/HAFNIA_MALACCA-80-20170421_seg037.wav,0,6
/home/thales/src/ajaac/datasets/DeepShip/DeepShip_5k_seg_3s/Tanker/BOCHEM_LONDON-80-20180725_seg014.wav,0,6
/home/thales/src/ajaac/datasets/DeepShip/DeepShip_5k_seg_3s/Tanker/BW_LIBRA-80-20180610_seg074.wav,0,6
/home/thales/src/ajaac/datasets/DeepShip/DeepShip_5k_seg_3s/Tanker/REINHOLD_SCHULTE-80-20171023_seg012.wav,0,6
/home/thales/src/ajaac/datasets/DeepShip/DeepShip_5k_seg_3s/Tanker/NORD_STEADY-80-20161211_seg012.wav,0,6
/home/thales/src/ajaac/datasets/DeepShip/DeepShip_5k_seg_3s/Tanker/BOCHEM_LONDON-80-20180725_seg104.wav,0,6
/home/thales/src/ajaac/datasets/DeepShip/DeepShip_5k_seg_3s/Tanker/ARDMORE_CHEYENNE-80-20160927_seg020.wav,0,6
/home/thales/src/ajaac/datasets/DeepShip/DeepShip_5k_seg_3s/Tanker/NORD_STEADY-80-20161211_seg020.wav,0,6
/home/thales/src/ajaac/datasets/DeepShip/DeepShip_5k_seg_3s/Tanker/CHAMPION_CORNELIA-80-20160604_seg090.wav,0,6
/home/thales/src/ajaac/datasets/DeepShip/DeepShip_5k_seg_3s/Tanker/ALFRED_N-80-20170403_seg037.wav,0,6
/home/thales/src/ajaac/datasets/DeepShip/DeepShip_5k_seg_3s/Tanker/BW_LIBRA-80-20180610_seg046.wav,0,6
/home/thales/src/ajaac/datasets/DeepShip/DeepShip_5k_seg_3s/Tanker/BOCHEM_LONDON-80-20170120_seg052.wav,0,6
/home/thales/src/ajaac/datasets/DeepShip/DeepShip_5k_seg_3s/Tanker/PANAGIA_THALASSINI-80-20180703_seg059.wav,0,6
/home/thales/src/ajaac/datasets/DeepShip/DeepShip_5k_seg_3s/Tanker/CHAMPION_CORNELIA-80-20160604_seg097.wav,0,6
/home/thales/src/ajaac/datasets/DeepShip/DeepShip_5k_seg_3s/Tanker/LOUIS_P-84-20180510_seg037.wav,0,6
/home/thales/src/ajaac/datasets/DeepShip/DeepShip_5k_seg_3s/Tanker/CHALLENGE_PRELUDE-80-20180120_seg078.wav,0,7
/home/thales/src/ajaac/datasets/DeepShip/DeepShip_5k_seg_3s/Tanker/SONGA_PRIDE-82-20170623_seg006.wav,0,7
/home/thales/src/ajaac/datasets/DeepShip/DeepShip_5k_seg_3s/Tanker/CHALLENGE_PRELUDE-80-20180120_seg105.wav,0,7
/home/thales/src/ajaac/datasets/DeepShip/DeepShip_5k_seg_3s/Tanker/SERENE_SEA-80-20180630_seg023.wav,0,7
/home/thales/src/ajaac/datasets/DeepShip/DeepShip_5k_seg_3s/Tanker/MELATI_5-80-20180211_seg140.wav,0,7
/home/thales/src/ajaac/datasets/DeepShip/DeepShip_5k_seg_3s/Tanker/KIRKEHOLMEN-89-20171204_seg029.wav,0,7
/home/thales/src/ajaac/datasets/DeepShip/DeepShip_5k_seg_3s/Tanker/FAIRCHEM_FILLY-89-20180710_seg004.wav,0,7
/home/thales/src/ajaac/datasets/DeepShip/DeepShip_5k_seg_3s/Tanker/NORD_SUPREME-89-20180702_seg142.wav,0,7
/home/thales/src/ajaac/datasets/DeepShip/DeepShip_5k_seg_3s/Tanker/CHAMPION_ISTRA-89-20170529_seg140.wav,0,7
/home/thales/src/ajaac/datasets/DeepShip/DeepShip_5k_seg_3s/Tanker/INTREPID_SEAHAWK-80-20180523_seg008.wav,0,7
/home/thales/src/ajaac/datasets/DeepShip/DeepShip_5k_seg_3s/Tanker/MELATI_5-80-20180211_seg158.wav,0,7
/home/thales/src/ajaac/datasets/DeepShip/DeepShip_5k_seg_3s/Tanker/SILVER_SAWSAN-80-20170204_seg026.wav,0,7
/home/thales/src/ajaac/datasets/DeepShip/DeepShip_5k_seg_3s/Tanker/ARISTOKLIS-80-20180725_seg037.wav,0,7
/home/thales/src/ajaac/datasets/DeepShip/DeepShip_5k_seg_3s/Tanker/ARISTOKLIS-80-20180725_seg092.wav,0,7
/home/thales/src/ajaac/datasets/DeepShip/DeepShip_5k_seg_3s/Tanker/BOCHEM_SINGAPURA-82-20170122_seg032.wav,0,7
/home/thales/src/ajaac/datasets/DeepShip/DeepShip_5k_seg_3s/Tanker/FG_ROTTERDAM-89-20180417_seg005.wav,0,8
/home/thales/src/ajaac/datasets/DeepShip/DeepShip_5k_seg_3s/Tanker/NORD_STEADY-80-20160619_seg014.wav,0,8
/home/thales/src/ajaac/datasets/DeepShip/DeepShip_5k_seg_3s/Tanker/CITRUS_EXPRESS-80-20170326_seg004.wav,0,8
/home/thales/src/ajaac/datasets/DeepShip/DeepShip_5k_seg_3s/Tanker/FG_ROTTERDAM-89-20180417_seg159.wav,0,8
/home/thales/src/ajaac/datasets/DeepShip/DeepShip_5k_seg_3s/Tanker/UACC_RAS-80-20180203_seg007.wav,0,8
/home/thales/src/ajaac/datasets/DeepShip/DeepShip_5k_seg_3s/Tanker/TORM_CARINA-80-20180425_seg016.wav,0,8
/home/thales/src/ajaac/datasets/DeepShip/DeepShip_5k_seg_3s/Tanker/GINGA_COUGAR-89-20160714_seg042.wav,0,8
/home/thales/src/ajaac/datasets/DeepShip/DeepShip_5k_seg_3s/Tanker/UACC_RAS-80-20180203_seg047.wav,0,8
/home/thales/src/ajaac/datasets/DeepShip/DeepShip_5k_seg_3s/Tanker/CHERRY_GALAXY-89-20161024_seg050.wav,0,8
/home/thales/src/ajaac/datasets/DeepShip/DeepShip_5k_seg_3s/Tanker/PAMISOS_636014809-80-20180303_seg042.wav,0,8
/home/thales/src/ajaac/datasets/DeepShip/DeepShip_5k_seg_3s/Tanker/TORM_EMILIE-80-20171208_seg045.wav,0,8
/home/thales/src/ajaac/datasets/DeepShip/DeepShip_5k_seg_3s/Tanker/NAVIG8_AQUAMARINE-82-20161113_seg031.wav,0,8
/home/thales/src/ajaac/datasets/DeepShip/DeepShip_5k_seg_3s/Tanker/FG_ROTTERDAM-89-20180417_seg002.wav,0,8
/home/thales/src/ajaac/datasets/DeepShip/DeepShip_5k_seg_3s/Tanker/AMAGI_GALAXY-89-20170121_seg001.wav,0,8
/home/thales/src/ajaac/datasets/DeepShip/DeepShip_5k_seg_3s/Tanker/PAMISOS_636014809-80-20180303_seg098.wav,0,8
/home/thales/src/ajaac/datasets/DeepShip/DeepShip_5k_seg_3s/Tanker/FUJI_GALAXY-82-20160910_seg066.wav,0,9
/home/thales/src/ajaac/datasets/DeepShip/DeepShip_5k_seg_3s/Tanker/CHEMBULK_NEW-80-20160531_seg103.wav,0,9
/home/thales/src/ajaac/datasets/DeepShip/DeepShip_5k_seg_3s/Tanker/CHEMBULK_NEW-80-20160531_seg099.wav,0,9
/home/thales/src/ajaac/datasets/DeepShip/DeepShip_5k_seg_3s/Tanker/NORD_STEADY-80-20170219_seg036.wav,0,9
/home/thales/src/ajaac/datasets/DeepShip/DeepShip_5k_seg_3s/Tanker/CHEMBULK_NEW-80-20160531_seg163.wav,0,9
/home/thales/src/ajaac/datasets/DeepShip/DeepShip_5k_seg_3s/Tanker/KIRKEHOLMEN-89-20170629_seg027.wav,0,9
/home/thales/src/ajaac/datasets/DeepShip/DeepShip_5k_seg_3s/Tanker/CHAMPION_ISTRA-80-20180515_seg032.wav,0,9
/home/thales/src/ajaac/datasets/DeepShip/DeepShip_5k_seg_3s/Tanker/KIRKEHOLMEN-89-20170629_seg065.wav,0,9
/home/thales/src/ajaac/datasets/DeepShip/DeepShip_5k_seg_3s/Tanker/CHEMBULK_NEW-80-20160531_seg066.wav,0,9
/home/thales/src/ajaac/datasets/DeepShip/DeepShip_5k_seg_3s/Tanker/AMAGI_GALAXY-82-20170723_seg086.wav,0,9
/home/thales/src/ajaac/datasets/DeepShip/DeepShip_5k_seg_3s/Tanker/NORD_STEADY-80-20170219_seg092.wav,0,9
/home/thales/src/ajaac/datasets/DeepShip/DeepShip_5k_seg_3s/Tanker/UACC_MESSILA-89-20170704_seg022.wav,0,9
/home/thales/src/ajaac/datasets/DeepShip/DeepShip_5k_seg_3s/Tanker/ATLANTIC_LILY-89-20170818_seg006.wav,0,9
/home/thales/src/ajaac/datasets/DeepShip/DeepShip_5k_seg_3s/Tanker/CHEMBULK_NEW-80-20160531_seg126.wav,0,9
/home/thales/src/ajaac/datasets/DeepShip/DeepShip_5k_seg_3s/Tanker/NEW_CONQUEST-80-20170605_seg001.wav,0,9
/home/thales/src/ajaac/datasets/DeepShip/DeepShip_5k_seg_3s/Cargo/CMA_CGM-70-20171207_seg046.wav,1,0
/home/thales/src/ajaac/datasets/DeepShip/DeepShip_5k_seg_3s/Cargo/CMA_CGM-70-20171207_seg060.wav,1,0
/home/thales/src/ajaac/datasets/DeepShip/DeepShip_5k_seg_3s/Cargo/SEASPAN_SWIFT-70-20171201_seg082.wav,1,0
/home/thales/src/ajaac/datasets/DeepShip/DeepShip_5k_seg_3s/Cargo/POYANG_477669100-70-20171206_seg053.wav,1,0
/home/thales/src/ajaac/datasets/DeepShip/DeepShip_5k_seg_3s/Cargo/CMA_CGM-70-20171207_seg057.wav,1,0
/home/thales/src/ajaac/datasets/DeepShip/DeepShip_5k_seg_3s/Cargo/SEASPAN_SWIFT-70-20171201_seg055.wav,1,0
/home/thales/src/ajaac/datasets/DeepShip/DeepShip_5k_seg_3s/Cargo/SEASPAN_SWIFT-70-20171201_seg039.wav,1,0
/home/thales/src/ajaac/datasets/DeepShip/DeepShip_5k_seg_3s/Cargo/SEASPAN_SWIFT-70-20171201_seg081.wav,1,0
/home/thales/src/ajaac/datasets/DeepShip/DeepShip_5k_seg_3s/Cargo/ULTRA_EXCELLENCE-70-20171202_seg066.wav,1,0
/home/thales/src/ajaac/datasets/DeepShip/DeepShip_5k_seg_3s/Cargo/ISLAND_SPIRIT-70-20171117_seg081.wav,1,0
/home/thales/src/ajaac/datasets/DeepShip/DeepShip_5k_seg_3s/Cargo/PRINCESS_SUPERIOR-79-20171121_seg090.wav,1,0
/home/thales/src/ajaac/datasets/DeepShip/DeepShip_5k_seg_3s/Cargo/CMA_CGM-70-20171207_seg011.wav,1,0
/home/thales/src/ajaac/datasets/DeepShip/DeepShip_5k_seg_3s/Cargo/KM_TOKYO-70-20171115_seg068.wav,1,0
/home/thales/src/ajaac/datasets/DeepShip/DeepShip_5k_seg_3s/Cargo/HARVEST_LEADER-70-20171112_seg012.wav,1,0
/home/thales/src/ajaac/datasets/DeepShip/DeepShip_5k_seg_3s/Cargo/PRINCESS_SUPERIOR-79-20171121_seg287.wav,1,0
/home/thales/src/ajaac/datasets/DeepShip/DeepShip_5k_seg_3s/Cargo/PRINCESS_SUPERIOR-79-20171111_seg016.wav,1,1
/home/thales/src/ajaac/datasets/DeepShip/DeepShip_5k_seg_3s/Cargo/PRINCESS_SUPERIOR-79-20171115_seg090.wav,1,1
/home/thales/src/ajaac/datasets/DeepShip/DeepShip_5k_seg_3s/Cargo/NYK_REMUS-70-20171106_seg040.wav,1,1
/home/thales/src/ajaac/datasets/DeepShip/DeepShip_5k_seg_3s/Cargo/ISTRA_ACE-70-20171104_seg028.wav,1,1
/home/thales/src/ajaac/datasets/DeepShip/DeepShip_5k_seg_3s/Cargo/SEASPAN_SWIFT-70-20171214_seg065.wav,1,1
/home/thales/src/ajaac/datasets/DeepShip/DeepShip_5k_seg_3s/Cargo/PRINCESS_SUPERIOR-79-20171215_seg009.wav,1,1
/home/thales/src/ajaac/datasets/DeepShip/DeepShip_5k_seg_3s/Cargo/PRINCESS_SUPERIOR-79-20171111_seg065.wav,1,1
/home/thales/src/ajaac/datasets/DeepShip/DeepShip_5k_seg_3s/Cargo/BRAZEN-70-20171213_seg021.wav,1,1
/home/thales/src/ajaac/datasets/DeepShip/DeepShip_5k_seg_3s/Cargo/PRINCESS_SUPERIOR-79-20171107_seg010.wav,1,1
/home/thales/src/ajaac/datasets/DeepShip/DeepShip_5k_seg_3s/Cargo/PRINCESS_SUPERIOR-79-20171215_seg095.wav,1,1
/home/thales/src/ajaac/datasets/DeepShip/DeepShip_5k_seg_3s/Cargo/PRINCESS_SUPERIOR-79-20171215_seg200.wav,1,1
/home/thales/src/ajaac/datasets/DeepShip/DeepShip_5k_seg_3s/Cargo/NYK_REMUS-70-20171106_seg066.wav,1,1
/home/thales/src/ajaac/datasets/DeepShip/DeepShip_5k_seg_3s/Cargo/ISTRA_ACE-70-20171104_seg077.wav,1,1
/home/thales/src/ajaac/datasets/DeepShip/DeepShip_5k_seg_3s/Cargo/SEASPAN_SWIFT-70-20171214_seg001.wav,1,1
/home/thales/src/ajaac/datasets/DeepShip/DeepShip_5k_seg_3s/Cargo/PRINCESS_SUPERIOR-79-20171215_seg195.wav,1,1
/home/thales/src/ajaac/datasets/DeepShip/DeepShip_5k_seg_3s/Cargo/SEASPAN_RELIANT-76-20171207_seg064.wav,1,2
/home/thales/src/ajaac/datasets/DeepShip/DeepShip_5k_seg_3s/Cargo/SEASPAN_RELIANT-76-20171207_seg044.wav,1,2
/home/thales/src/ajaac/datasets/DeepShip/DeepShip_5k_seg_3s/Cargo/WESTWOOD_COLUMBIA-79-20171125_seg089.wav,1,2
/home/thales/src/ajaac/datasets/DeepShip/DeepShip_5k_seg_3s/Cargo/TERN_BULKER-70-20171205_seg005.wav,1,2
/home/thales/src/ajaac/datasets/DeepShip/DeepShip_5k_seg_3s/Cargo/PAGANINO_218821000-70-20171126_seg053.wav,1,2
/home/thales/src/ajaac/datasets/DeepShip/DeepShip_5k_seg_3s/Cargo/SEASPAN_SWIFT-70-20171125_seg031.wav,1,2
/home/thales/src/ajaac/datasets/DeepShip/DeepShip_5k_seg_3s/Cargo/PRINCESS_SUPERIOR-79-20171129_seg168.wav,1,2
/home/thales/src/ajaac/datasets/DeepShip/DeepShip_5k_seg_3s/Cargo/TERN_BULKER-70-20171205_seg089.wav,1,2
/home/thales/src/ajaac/datasets/DeepShip/DeepShip_5k_seg_3s/Cargo/SEASPAN_RELIANT-76-20171116_seg072.wav,1,2
/home/thales/src/ajaac/datasets/DeepShip/DeepShip_5k_seg_3s/Cargo/SEASPAN_RELIANT-76-20171118_seg049.wav,1,2
/home/thales/src/ajaac/datasets/DeepShip/DeepShip_5k_seg_3s/Cargo/SEASPAN_RELIANT-76-20171119_seg081.wav,1,2
/home/thales/src/ajaac/datasets/DeepShip/DeepShip_5k_seg_3s/Cargo/PRINCESS_SUPERIOR-79-20171129_seg155.wav,1,2
/home/thales/src/ajaac/datasets/DeepShip/DeepShip_5k_seg_3s/Cargo/POYANG_477669100-70-20171204_seg002.wav,1,2
/home/thales/src/ajaac/datasets/DeepShip/DeepShip_5k_seg_3s/Cargo/WESTWOOD_COLUMBIA-79-20171125_seg013.wav,1,2
/home/thales/src/ajaac/datasets/DeepShip/DeepShip_5k_seg_3s/Cargo/WESTWOOD_COLUMBIA-79-20171125_seg047.wav,1,2
/home/thales/src/ajaac/datasets/DeepShip/DeepShip_5k_seg_3s/Cargo/AMIS_FORTUNE-70-20171121_seg071.wav,1,3
/home/thales/src/ajaac/datasets/DeepShip/DeepShip_5k_seg_3s/Cargo/SEASPAN_SWIFT-70-20171122_seg067.wav,1,3
/home/thales/src/ajaac/datasets/DeepShip/DeepShip_5k_seg_3s/Cargo/ANTONELLA_LEMBO-70-20171207_seg118.wav,1,3
/home/thales/src/ajaac/datasets/DeepShip/DeepShip_5k_seg_3s/Cargo/AMIS_FORTUNE-70-20171121_seg010.wav,1,3
/home/thales/src/ajaac/datasets/DeepShip/DeepShip_5k_seg_3s/Cargo/PRINCESS_SUPERIOR-79-20171205_seg057.wav,1,3
/home/thales/src/ajaac/datasets/DeepShip/DeepShip_5k_seg_3s/Cargo/PRINCESS_SUPERIOR-79-20171207_seg119.wav,1,3
/home/thales/src/ajaac/datasets/DeepShip/DeepShip_5k_seg_3s/Cargo/PRINCESS_SUPERIOR-79-20171205_seg079.wav,1,3
/home/thales/src/ajaac/datasets/DeepShip/DeepShip_5k_seg_3s/Cargo/AZALEA_ACE-70-20171213_seg075.wav,1,3
/home/thales/src/ajaac/datasets/DeepShip/DeepShip_5k_seg_3s/Cargo/PAN_UNITY-70-20171210_seg034.wav,1,3
/home/thales/src/ajaac/datasets/DeepShip/DeepShip_5k_seg_3s/Cargo/AZALEA_ACE-70-20171213_seg026.wav,1,3
/home/thales/src/ajaac/datasets/DeepShip/DeepShip_5k_seg_3s/Cargo/PAN_UNITY-70-20171210_seg043.wav,1,3
/home/thales/src/ajaac/datasets/DeepShip/DeepShip_5k_seg_3s/Cargo/AZALEA_ACE-70-20171213_seg137.wav,1,3
/home/thales/src/ajaac/datasets/DeepShip/DeepShip_5k_seg_3s/Cargo/PRINCESS_SUPERIOR-79-20171207_seg016.wav,1,3
/home/thales/src/ajaac/datasets/DeepShip/DeepShip_5k_seg_3s/Cargo/MERLIN_ARROW-70-20171113_seg034.wav,1,3
/home/thales/src/ajaac/datasets/DeepShip/DeepShip_5k_seg_3s/Cargo/ANTONELLA_LEMBO-70-20171207_seg055.wav,1,3
/home/thales/src/ajaac/datasets/DeepShip/DeepShip_5k_seg_3s/Cargo/COSMIC_ACE-70-20171203_seg114.wav,1,4
/home/thales/src/ajaac/datasets/DeepShip/DeepShip_5k_seg_3s/Cargo/PROMETHEUS_LEADER-70-20171212_seg029.wav,1,4
/home/thales/src/ajaac/datasets/DeepShip/DeepShip_5k_seg_3s/Cargo/SEASPAN_RELIANT-76-20171209_seg055.wav,1,4
/home/thales/src/ajaac/datasets/DeepShip/DeepShip_5k_seg_3s/Cargo/COSMIC_ACE-70-20171203_seg032.wav,1,4
/home/thales/src/ajaac/datasets/DeepShip/DeepShip_5k_seg_3s/Cargo/SANTA_REGULA-71-20171126_seg015.wav,1,4
/home/thales/src/ajaac/datasets/DeepShip/DeepShip_5k_seg_3s/Cargo/SEASPAN_SWIFT-70-20171104_seg118.wav,1,4
/home/thales/src/ajaac/datasets/DeepShip/DeepShip_5k_seg_3s/Cargo/PRINCESS_SUPERIOR-79-20171214_seg095.wav,1,4
/home/thales/src/ajaac/datasets/DeepShip/DeepShip_5k_seg_3s/Cargo/PRINCESS_SUPERIOR-79-20171214_seg074.wav,1,4
/home/thales/src/ajaac/datasets/DeepShip/DeepShip_5k_seg_3s/Cargo/SEASPAN_SWIFT-70-20171104_seg013.wav,1,4
/home/thales/src/ajaac/datasets/DeepShip/DeepShip_5k_seg_3s/Cargo/PRINCESS_SUPERIOR-79-20171214_seg096.wav,1,4
/home/thales/src/ajaac/datasets/DeepShip/DeepShip_5k_seg_3s/Cargo/ORIENT_TRADER-70-20171213_seg020.wav,1,4
/home/thales/src/ajaac/datasets/DeepShip/DeepShip_5k_seg_3s/Cargo/COSMIC_ACE-70-20171203_seg001.wav,1,4
/home/thales/src/ajaac/datasets/DeepShip/DeepShip_5k_seg_3s/Cargo/SEASPAN_SWIFT-70-20171104_seg081.wav,1,4
/home/thales/src/ajaac/datasets/DeepShip/DeepShip_5k_seg_3s/Cargo/STAR_HARMONIA-70-20171213_seg009.wav,1,4
/home/thales/src/ajaac/datasets/DeepShip/DeepShip_5k_seg_3s/Cargo/COSMIC_ACE-70-20171203_seg076.wav,1,4
/home/thales/src/ajaac/datasets/DeepShip/DeepShip_5k_seg_3s/Cargo/HALIFAX_EXPRESS-70-20171204_seg065.wav,1,5
/home/thales/src/ajaac/datasets/DeepShip/DeepShip_5k_seg_3s/Cargo/ANASTASIA-70-20171208_seg081.wav,1,5
/home/thales/src/ajaac/datasets/DeepShip/DeepShip_5k_seg_3s/Cargo/SEASPAN_RELIANT-76-20171204_seg097.wav,1,5
/home/thales/src/ajaac/datasets/DeepShip/DeepShip_5k_seg_3s/Cargo/SEASPAN_RELIANT-76-20171122_seg018.wav,1,5
/home/thales/src/ajaac/datasets/DeepShip/DeepShip_5k_seg_3s/Cargo/ANASTASIA-70-20171202_seg015.wav,1,5
/home/thales/src/ajaac/datasets/DeepShip/DeepShip_5k_seg_3s/Cargo/PRINCESS_SUPERIOR-79-20171125_seg099.wav,1,5
/home/thales/src/ajaac/datasets/DeepShip/DeepShip_5k_seg_3s/Cargo/SEASPAN_RELIANT-76-20171202_seg012.wav,1,5
/home/thales/src/ajaac/datasets/DeepShip/DeepShip_5k_seg_3s/Cargo/ANASTASIA-70-20171202_seg104.wav,1,5
/home/thales/src/ajaac/datasets/DeepShip/DeepShip_5k_seg_3s/Cargo/MAERSK_SEMAKAU-71-20171126_seg055.wav,1,5
/home/thales/src/ajaac/datasets/DeepShip/DeepShip_5k_seg_3s/Cargo/SAMOS_WARRIOR-70-20171105_seg026.wav,1,5
/home/thales/src/ajaac/datasets/DeepShip/DeepShip_5k_seg_3s/Cargo/HALIFAX_EXPRESS-70-20171204_seg020.wav,1,5
/home/thales/src/ajaac/datasets/DeepShip/DeepShip_5k_seg_3s/Cargo/SEASPAN_RELIANT-76-20171202_seg018.wav,1,5
/home/thales/src/ajaac/datasets/DeepShip/DeepShip_5k_seg_3s/Cargo/SEASPAN_RELIANT-76-20171122_seg058.wav,1,5
/home/thales/src/ajaac/datasets/DeepShip/DeepShip_5k_seg_3s/Cargo/CAPRICORNUS_LEADER-70-20171205_seg055.wav,1,5
/home/thales/src/ajaac/datasets/DeepShip/DeepShip_5k_seg_3s/Cargo/NEW_NADA-70-20171114_seg005.wav,1,5
/home/thales/src/ajaac/datasets/DeepShip/DeepShip_5k_seg_3s/Cargo/UNITED_SPIRIT-70-20171110_seg029.wav,1,6
/home/thales/src/ajaac/datasets/DeepShip/DeepShip_5k_seg_3s/Cargo/SEASPAN_SWIFT-70-20171120_seg077.wav,1,6
/home/thales/src/ajaac/datasets/DeepShip/DeepShip_5k_seg_3s/Cargo/ARIES_LEADER-70-20171123_seg076.wav,1,6
/home/thales/src/ajaac/datasets/DeepShip/DeepShip_5k_seg_3s/Cargo/ITAL_UNIVERSO-74-20171111_seg065.wav,1,6
/home/thales/src/ajaac/datasets/DeepShip/DeepShip_5k_seg_3s/Cargo/ITAL_UNIVERSO-74-20171111_seg034.wav,1,6
/home/thales/src/ajaac/datasets/DeepShip/DeepShip_5k_seg_3s/Cargo/CHIOS_LUCK-70-20171124_seg017.wav,1,6
/home/thales/src/ajaac/datasets/DeepShip/DeepShip_5k_seg_3s/Cargo/PRINCESS_SUPERIOR-79-20171212_seg128.wav,1,6
/home/thales/src/ajaac/datasets/DeepShip/DeepShip_5k_seg_3s/Cargo/UNITED_SPIRIT-70-20171110_seg168.wav,1,6
/home/thales/src/ajaac/datasets/DeepShip/DeepShip_5k_seg_3s/Cargo/ARIES_LEADER-70-20171123_seg101.wav,1,6
/home/thales/src/ajaac/datasets/DeepShip/DeepShip_5k_seg_3s/Cargo/SEASPAN_SWIFT-70-20171215_seg027.wav,1,6
/home/thales/src/ajaac/datasets/DeepShip/DeepShip_5k_seg_3s/Cargo/UNITED_SPIRIT-70-20171110_seg151.wav,1,6
/home/thales/src/ajaac/datasets/DeepShip/DeepShip_5k_seg_3s/Cargo/KURENAI-70-20171209_seg002.wav,1,6
/home/thales/src/ajaac/datasets/DeepShip/DeepShip_5k_seg_3s/Cargo/IVS_NORTH-70-20171130_seg038.wav,1,6
/home/thales/src/ajaac/datasets/DeepShip/DeepShip_5k_seg_3s/Cargo/ARIES_LEADER-70-20171123_seg099.wav,1,6
/home/thales/src/ajaac/datasets/DeepShip/DeepShip_5k_seg_3s/Cargo/KURENAI-70-20171209_seg106.wav,1,6
/home/thales/src/ajaac/datasets/DeepShip/DeepShip_5k_seg_3s/Cargo/AMSTEL_OSPREY-70-20171130_seg002.wav,1,7
/home/thales/src/ajaac/datasets/DeepShip/DeepShip_5k_seg_3s/Cargo/APL_SOUTHAMPTON-74-20171121_seg034.wav,1,7
/home/thales/src/ajaac/datasets/DeepShip/DeepShip_5k_seg_3s/Cargo/KITE_ARROW-70-20171121_seg019.wav,1,7
/home/thales/src/ajaac/datasets/DeepShip/DeepShip_5k_seg_3s/Cargo/MORNING_MENAD-70-20171127_seg044.wav,1,7
/home/thales/src/ajaac/datasets/DeepShip/DeepShip_5k_seg_3s/Cargo/APL_SOUTHAMPTON-74-20171121_seg052.wav,1,7
/home/thales/src/ajaac/datasets/DeepShip/DeepShip_5k_seg_3s/Cargo/SPRING_QUEEN-70-20171214_seg142.wav,1,7
/home/thales/src/ajaac/datasets/DeepShip/DeepShip_5k_seg_3s/Cargo/TRITON_HAWK-70-20171117_seg074.wav,1,7
/home/thales/src/ajaac/datasets/DeepShip/DeepShip_5k_seg_3s/Cargo/SPRING_QUEEN-70-20171214_seg129.wav,1,7
/home/thales/src/ajaac/datasets/DeepShip/DeepShip_5k_seg_3s/Cargo/GLOVIS_CENTURY-70-20171125_seg054.wav,1,7
/home/thales/src/ajaac/datasets/DeepShip/DeepShip_5k_seg_3s/Cargo/PRINCESS_SUPERIOR-79-20171118_seg133.wav,1,7
/home/thales/src/ajaac/datasets/DeepShip/DeepShip_5k_seg_3s/Cargo/SPRING_QUEEN-70-20171214_seg031.wav,1,7
/home/thales/src/ajaac/datasets/DeepShip/DeepShip_5k_seg_3s/Cargo/SPRING_QUEEN-70-20171214_seg128.wav,1,7
/home/thales/src/ajaac/datasets/DeepShip/DeepShip_5k_seg_3s/Cargo/MORNING_MENAD-70-20171125_seg095.wav,1,7
/home/thales/src/ajaac/datasets/DeepShip/DeepShip_5k_seg_3s/Cargo/KITE_ARROW-70-20171121_seg021.wav,1,7
/home/thales/src/ajaac/datasets/DeepShip/DeepShip_5k_seg_3s/Cargo/AMSTEL_OSPREY-70-20171130_seg101.wav,1,7
/home/thales/src/ajaac/datasets/DeepShip/DeepShip_5k_seg_3s/Cargo/PRINCESS_SUPERIOR-79-20171123_seg157.wav,1,8
/home/thales/src/ajaac/datasets/DeepShip/DeepShip_5k_seg_3s/Cargo/PRINCESS_SUPERIOR-79-20171202_seg031.wav,1,8
/home/thales/src/ajaac/datasets/DeepShip/DeepShip_5k_seg_3s/Cargo/PRINCESS_SUPERIOR-79-20171128_seg054.wav,1,8
/home/thales/src/ajaac/datasets/DeepShip/DeepShip_5k_seg_3s/Cargo/PRINCESS_SUPERIOR-79-20171123_seg021.wav,1,8
/home/thales/src/ajaac/datasets/DeepShip/DeepShip_5k_seg_3s/Cargo/CAP_PASADO-79-20171210_seg042.wav,1,8
/home/thales/src/ajaac/datasets/DeepShip/DeepShip_5k_seg_3s/Cargo/CAP_PASADO-79-20171210_seg010.wav,1,8
/home/thales/src/ajaac/datasets/DeepShip/DeepShip_5k_seg_3s/Cargo/PRINCESS_SUPERIOR-79-20171202_seg025.wav,1,8
/home/thales/src/ajaac/datasets/DeepShip/DeepShip_5k_seg_3s/Cargo/PRINCESS_SUPERIOR-79-20171123_seg048.wav,1,8
/home/thales/src/ajaac/datasets/DeepShip/DeepShip_5k_seg_3s/Cargo/PRINCESS_SUPERIOR-79-20171128_seg093.wav,1,8
/home/thales/src/ajaac/datasets/DeepShip/DeepShip_5k_seg_3s/Cargo/PRINCESS_SUPERIOR-79-20171128_seg013.wav,1,8
/home/thales/src/ajaac/datasets/DeepShip/DeepShip_5k_seg_3s/Cargo/GALLEON-70-20171206_seg041.wav,1,8
/home/thales/src/ajaac/datasets/DeepShip/DeepShip_5k_seg_3s/Cargo/PRINCESS_SUPERIOR-79-20171123_seg168.wav,1,8
/home/thales/src/ajaac/datasets/DeepShip/DeepShip_5k_seg_3s/Cargo/GALLEON-70-20171206_seg026.wav,1,8
/home/thales/src/ajaac/datasets/DeepShip/DeepShip_5k_seg_3s/Cargo/PRINCESS_SUPERIOR-79-20171128_seg029.wav,1,8
/home/thales/src/ajaac/datasets/DeepShip/DeepShip_5k_seg_3s/Cargo/EMINENT_ACE-70-20171111_seg137.wav,1,8
/home/thales/src/ajaac/datasets/DeepShip/DeepShip_5k_seg_3s/Cargo/CAPE_SUNRISE-70-20171205_seg030.wav,1,9
/home/thales/src/ajaac/datasets/DeepShip/DeepShip_5k_seg_3s/Cargo/ADVENTURE_1-70-20171207_seg008.wav,1,9
/home/thales/src/ajaac/datasets/DeepShip/DeepShip_5k_seg_3s/Cargo/STAR_LOFOTEN-70-20171126_seg045.wav,1,9
/home/thales/src/ajaac/datasets/DeepShip/DeepShip_5k_seg_3s/Cargo/ADVENTURE_1-70-20171207_seg010.wav,1,9
/home/thales/src/ajaac/datasets/DeepShip/DeepShip_5k_seg_3s/Cargo/CAPE_SUNRISE-70-20171205_seg098.wav,1,9
/home/thales/src/ajaac/datasets/DeepShip/DeepShip_5k_seg_3s/Cargo/PRINCESS_SUPERIOR-79-20171124_seg074.wav,1,9
/home/thales/src/ajaac/datasets/DeepShip/DeepShip_5k_seg_3s/Cargo/CAPE_SUNRISE-70-20171205_seg145.wav,1,9
/home/thales/src/ajaac/datasets/DeepShip/DeepShip_5k_seg_3s/Cargo/PRINCESS_SUPERIOR-79-20171124_seg023.wav,1,9
/home/thales/src/ajaac/datasets/DeepShip/DeepShip_5k_seg_3s/Cargo/STAR_LOFOTEN-70-20171126_seg082.wav,1,9
/home/thales/src/ajaac/datasets/DeepShip/DeepShip_5k_seg_3s/Cargo/STAR_LOFOTEN-70-20171126_seg097.wav,1,9
/home/thales/src/ajaac/datasets/DeepShip/DeepShip_5k_seg_3s/Cargo/ADVENTURE_1-70-20171207_seg024.wav,1,9
/home/thales/src/ajaac/datasets/DeepShip/DeepShip_5k_seg_3s/Cargo/CAPE_SUNRISE-70-20171205_seg097.wav,1,9
/home/thales/src/ajaac/datasets/DeepShip/DeepShip_5k_seg_3s/Cargo/CAPE_SUNRISE-70-20171205_seg113.wav,1,9
/home/thales/src/ajaac/datasets/DeepShip/DeepShip_5k_seg_3s/Cargo/ADVENTURE_1-70-20171207_seg055.wav,1,9
/home/thales/src/ajaac/datasets/DeepShip/DeepShip_5k_seg_3s/Cargo/CAPE_SUNRISE-70-20171205_seg016.wav,1,9
/home/thales/src/ajaac/datasets/DeepShip/DeepShip_5k_seg_3s/Tug/JOSE_NARVAEZ-52-20171107_seg017.wav,2,0
/home/thales/src/ajaac/datasets/DeepShip/DeepShip_5k_seg_3s/Tug/OCEAN_BETTY-52-20171201_seg013.wav,2,0
/home/thales/src/ajaac/datasets/DeepShip/DeepShip_5k_seg_3s/Tug/SEASPAN_COMMANDER-52-20171128_seg057.wav,2,0
/home/thales/src/ajaac/datasets/DeepShip/DeepShip_5k_seg_3s/Tug/JOSE_NARVAEZ-52-20171107_seg117.wav,2,0
/home/thales/src/ajaac/datasets/DeepShip/DeepShip_5k_seg_3s/Tug/SEASPAN_COMMANDER-52-20171128_seg014.wav,2,0
/home/thales/src/ajaac/datasets/DeepShip/DeepShip_5k_seg_3s/Tug/OCEAN_BETTY-52-20171201_seg007.wav,2,0
/home/thales/src/ajaac/datasets/DeepShip/DeepShip_5k_seg_3s/Tug/OCEAN_BETTY-52-20171201_seg181.wav,2,0
/home/thales/src/ajaac/datasets/DeepShip/DeepShip_5k_seg_3s/Tug/OCEAN_BETTY-52-20171118_seg104.wav,2,0
/home/thales/src/ajaac/datasets/DeepShip/DeepShip_5k_seg_3s/Tug/SEASPAN_RAVEN-52-20171225_seg166.wav,2,0
/home/thales/src/ajaac/datasets/DeepShip/DeepShip_5k_seg_3s/Tug/SEASPAN_RAVEN-52-20171114_seg058.wav,2,0
/home/thales/src/ajaac/datasets/DeepShip/DeepShip_5k_seg_3s/Tug/OCEAN_BETTY-52-20171201_seg037.wav,2,0
/home/thales/src/ajaac/datasets/DeepShip/DeepShip_5k_seg_3s/Tug/SEASPAN_RAVEN-52-20171225_seg033.wav,2,0
/home/thales/src/ajaac/datasets/DeepShip/DeepShip_5k_seg_3s/Tug/SEASPAN_RAVEN-52-20171114_seg081.wav,2,0
/home/thales/src/ajaac/datasets/DeepShip/DeepShip_5k_seg_3s/Tug/SEASPAN_RAVEN-52-20171225_seg074.wav,2,0
/home/thales/src/ajaac/datasets/DeepShip/DeepShip_5k_seg_3s/Tug/JOSE_NARVAEZ-52-20171107_seg073.wav,2,0
/home/thales/src/ajaac/datasets/DeepShip/DeepShip_5k_seg_3s/Tug/JOSE_NARVAEZ-52-20171118_seg087.wav,2,1
/home/thales/src/ajaac/datasets/DeepShip/DeepShip_5k_seg_3s/Tug/SEASPAN_RAVEN-52-20171221_seg001.wav,2,1
/home/thales/src/ajaac/datasets/DeepShip/DeepShip_5k_seg_3s/Tug/SEASPAN_EAGLE-52-20171210_seg028.wav,2,1
/home/thales/src/ajaac/datasets/DeepShip/DeepShip_5k_seg_3s/Tug/JOSE_NARVAEZ-52-20171118_seg099.wav,2,1
/home/thales/src/ajaac/datasets/DeepShip/DeepShip_5k_seg_3s/Tug/SEASPAN_EAGLE-52-20171210_seg018.wav,2,1
/home/thales/src/ajaac/datasets/DeepShip/DeepShip_5k_seg_3s/Tug/SEASPAN_RAVEN-52-20171221_seg016.wav,2,1
/home/thales/src/ajaac/datasets/DeepShip/DeepShip_5k_seg_3s/Tug/JOSE_NARVAEZ-52-20171118_seg081.wav,2,1
/home/thales/src/ajaac/datasets/DeepShip/DeepShip_5k_seg_3s/Tug/JOSE_NARVAEZ-52-20171118_seg208.wav,2,1
/home/thales/src/ajaac/datasets/DeepShip/DeepShip_5k_seg_3s/Tug/SEASPAN_EAGLE-52-20171210_seg027.wav,2,1
/home/thales/src/ajaac/datasets/DeepShip/DeepShip_5k_seg_3s/Tug/SEASPAN_RAVEN-52-20171221_seg077.wav,2,1
/home/thales/src/ajaac/datasets/DeepShip/DeepShip_5k_seg_3s/Tug/JOSE_NARVAEZ-52-20171118_seg178.wav,2,1
/home/thales/src/ajaac/datasets/DeepShip/DeepShip_5k_seg_3s/Tug/JOSE_NARVAEZ-52-20171118_seg093.wav,2,1
/home/thales/src/ajaac/datasets/DeepShip/DeepShip_5k_seg_3s/Tug/SEASPAN_EAGLE-52-20171210_seg047.wav,2,1
/home/thales/src/ajaac/datasets/DeepShip/DeepShip_5k_seg_3s/Tug/SEASPAN_EAGLE-52-20171210_seg054.wav,2,1
/home/thales/src/ajaac/datasets/DeepShip/DeepShip_5k_seg_3s/Tug/SEASPAN_RAVEN-52-20171221_seg047.wav,2,1
/home/thales/src/ajaac/datasets/DeepShip/DeepShip_5k_seg_3s/Tug/JOSE_NARVAEZ-52-20171124_seg011.wav,2,2
/home/thales/src/ajaac/datasets/DeepShip/DeepShip_5k_seg_3s/Tug/SEASPAN_EAGLE-52-20171213_seg026.wav,2,2
/home/thales/src/ajaac/datasets/DeepShip/DeepShip_5k_seg_3s/Tug/SEASPAN_COMMANDER-52-20171229_seg002.wav,2,2
/home/thales/src/ajaac/datasets/DeepShip/DeepShip_5k_seg_3s/Tug/SEASPAN_EAGLE-52-20171213_seg189.wav,2,2
/home/thales/src/ajaac/datasets/DeepShip/DeepShip_5k_seg_3s/Tug/JOSE_NARVAEZ-52-20171124_seg125.wav,2,2
/home/thales/src/ajaac/datasets/DeepShip/DeepShip_5k_seg_3s/Tug/SEASPAN_EAGLE-52-20171213_seg140.wav,2,2
/home/thales/src/ajaac/datasets/DeepShip/DeepShip_5k_seg_3s/Tug/SEASPAN_RAVEN-52-20171129_seg001.wav,2,2
/home/thales/src/ajaac/datasets/DeepShip/DeepShip_5k_seg_3s/Tug/GLENDALE-52-20171106_seg037.wav,2,2
/home/thales/src/ajaac/datasets/DeepShip/DeepShip_5k_seg_3s/Tug/JOSE_NARVAEZ-52-20171124_seg139.wav,2,2
/home/thales/src/ajaac/datasets/DeepShip/DeepShip_5k_seg_3s/Tug/JOSE_NARVAEZ-52-20171124_seg024.wav,2,2
/home/thales/src/ajaac/datasets/DeepShip/DeepShip_5k_seg_3s/Tug/SEASPAN_COMMANDER-52-20171203_seg175.wav,2,2
/home/thales/src/ajaac/datasets/DeepShip/DeepShip_5k_seg_3s/Tug/SEASPAN_RAVEN-52-20171129_seg109.wav,2,2
/home/thales/src/ajaac/datasets/DeepShip/DeepShip_5k_seg_3s/Tug/SEASPAN_EAGLE-52-20171213_seg041.wav,2,2
/home/thales/src/ajaac/datasets/DeepShip/DeepShip_5k_seg_3s/Tug/SEASPAN_EAGLE-52-20171213_seg170.wav,2,2
/home/thales/src/ajaac/datasets/DeepShip/DeepShip_5k_seg_3s/Tug/SEASPAN_RAVEN-52-20171129_seg093.wav,2,2
/home/thales/src/ajaac/datasets/DeepShip/DeepShip_5k_seg_3s/Tug/SEASPAN_RAVEN-52-20171231_seg158.wav,2,3
/home/thales/src/ajaac/datasets/DeepShip/DeepShip_5k_seg_3s/Tug/SEASPAN_COMMANDER-52-20171123_seg087.wav,2,3
/home/thales/src/ajaac/datasets/DeepShip/DeepShip_5k_seg_3s/Tug/SEASPAN_EAGLE-52-20171204_seg224.wav,2,3
/home/thales/src/ajaac/datasets/DeepShip/DeepShip_5k_seg_3s/Tug/CALVIN-52-20171127_seg417.wav,2,3
/home/thales/src/ajaac/datasets/DeepShip/DeepShip_5k_seg_3s/Tug/SEASPAN_RAVEN-52-20171118_seg202.wav,2,3
/home/thales/src/ajaac/datasets/DeepShip/DeepShip_5k_seg_3s/Tug/SEASPAN_COMMANDER-52-20171123_seg363.wav,2,3
/home/thales/src/ajaac/datasets/DeepShip/DeepShip_5k_seg_3s/Tug/CALVIN-52-20171127_seg087.wav,2,3
/home/thales/src/ajaac/datasets/DeepShip/DeepShip_5k_seg_3s/Tug/CALVIN-52-20171127_seg354.wav,2,3
/home/thales/src/ajaac/datasets/DeepShip/DeepShip_5k_seg_3s/Tug/CALVIN-52-20171227_seg148.wav,2,3
/home/thales/src/ajaac/datasets/DeepShip/DeepShip_5k_seg_3s/Tug/SEASPAN_RAVEN-52-20171231_seg175.wav,2,3
/home/thales/src/ajaac/datasets/DeepShip/DeepShip_5k_seg_3s/Tug/SEASPAN_OSPREY-52-20171116_seg047.wav,2,3
/home/thales/src/ajaac/datasets/DeepShip/DeepShip_5k_seg_3s/Tug/SEASPAN_OSPREY-52-20171116_seg173.wav,2,3
/home/thales/src/ajaac/datasets/DeepShip/DeepShip_5k_seg_3s/Tug/SEASPAN_EAGLE-52-20171204_seg095.wav,2,3
/home/thales/src/ajaac/datasets/DeepShip/DeepShip_5k_seg_3s/Tug/SEASPAN_EAGLE-52-20171204_seg092.wav,2,3
/home/thales/src/ajaac/datasets/DeepShip/DeepShip_5k_seg_3s/Tug/OCEAN_BETTY-52-20171116_seg200.wav,2,3
/home/thales/src/ajaac/datasets/DeepShip/DeepShip_5k_seg_3s/Tug/CALVIN-52-20171217_seg171.wav,2,4
/home/thales/src/ajaac/datasets/DeepShip/DeepShip_5k_seg_3s/Tug/SEASPAN_EAGLE-52-20171215_seg005.wav,2,4
/home/thales/src/ajaac/datasets/DeepShip/DeepShip_5k_seg_3s/Tug/SEASPAN_EAGLE-52-20171215_seg063.wav,2,4
/home/thales/src/ajaac/datasets/DeepShip/DeepShip_5k_seg_3s/Tug/SEASPAN_COMMANDER-52-20171201_seg157.wav,2,4
/home/thales/src/ajaac/datasets/DeepShip/DeepShip_5k_seg_3s/Tug/SEASPAN_COMMANDER-52-20171201_seg162.wav,2,4
/home/thales/src/ajaac/datasets/DeepShip/DeepShip_5k_seg_3s/Tug/SEASPAN_COMMANDER-52-20171223_seg064.wav,2,4
/home/thales/src/ajaac/datasets/DeepShip/DeepShip_5k_seg_3s/Tug/SEASPAN_COMMANDER-52-20171201_seg030.wav,2,4
/home/thales/src/ajaac/datasets/DeepShip/DeepShip_5k_seg_3s/Tug/CALVIN-52-20171217_seg131.wav,2,4
/home/thales/src/ajaac/datasets/DeepShip/DeepShip_5k_seg_3s/Tug/CALVIN-52-20171217_seg063.wav,2,4
/home/thales/src/ajaac/datasets/DeepShip/DeepShip_5k_seg_3s/Tug/SEASPAN_COMMANDER-52-20171201_seg005.wav,2,4
/home/thales/src/ajaac/datasets/DeepShip/DeepShip_5k_seg_3s/Tug/CALVIN-52-20171217_seg119.wav,2,4
/home/thales/src/ajaac/datasets/DeepShip/DeepShip_5k_seg_3s/Tug/SEASPAN_COMMANDER-52-20171201_seg047.wav,2,4
/home/thales/src/ajaac/datasets/DeepShip/DeepShip_5k_seg_3s/Tug/SEASPAN_COMMANDER-52-20171201_seg180.wav,2,4
/home/thales/src/ajaac/datasets/DeepShip/DeepShip_5k_seg_3s/Tug/SEASPAN_COMMANDER-52-20171223_seg089.wav,2,4
/home/thales/src/ajaac/datasets/DeepShip/DeepShip_5k_seg_3s/Tug/SEASPAN_COMMANDER-52-20171223_seg071.wav,2,4
/home/thales/src/ajaac/datasets/DeepShip/DeepShip_5k_seg_3s/Tug/OCEAN_BETTY-52-20171230_seg034.wav,2,5
/home/thales/src/ajaac/datasets/DeepShip/DeepShip_5k_seg_3s/Tug/SEASPAN_RAVEN-52-20171105_seg120.wav,2,5
/home/thales/src/ajaac/datasets/DeepShip/DeepShip_5k_seg_3s/Tug/SEASPAN_RAVEN-52-20171105_seg018.wav,2,5
/home/thales/src/ajaac/datasets/DeepShip/DeepShip_5k_seg_3s/Tug/SEA_IMP-52-20171118_seg071.wav,2,5
/home/thales/src/ajaac/datasets/DeepShip/DeepShip_5k_seg_3s/Tug/NORTH_ARM-52-20171122_seg105.wav,2,5
/home/thales/src/ajaac/datasets/DeepShip/DeepShip_5k_seg_3s/Tug/SEASPAN_RAVEN-52-20171215_seg021.wav,2,5
/home/thales/src/ajaac/datasets/DeepShip/DeepShip_5k_seg_3s/Tug/OCEAN_BETTY-52-20171230_seg054.wav,2,5
/home/thales/src/ajaac/datasets/DeepShip/DeepShip_5k_seg_3s/Tug/SEA_IMP-52-20171118_seg147.wav,2,5
/home/thales/src/ajaac/datasets/DeepShip/DeepShip_5k_seg_3s/Tug/OCEAN_BETTY-52-20171230_seg038.wav,2,5
/home/thales/src/ajaac/datasets/DeepShip/DeepShip_5k_seg_3s/Tug/NORTH_ARM-52-20171122_seg156.wav,2,5
/home/thales/src/ajaac/datasets/DeepShip/DeepShip_5k_seg_3s/Tug/SEASPAN_RAVEN-52-20171105_seg079.wav,2,5
/home/thales/src/ajaac/datasets/DeepShip/DeepShip_5k_seg_3s/Tug/SEASPAN_EAGLE-52-20171207_seg011.wav,2,5
/home/thales/src/ajaac/datasets/DeepShip/DeepShip_5k_seg_3s/Tug/SEASPAN_EAGLE-52-20171202_seg009.wav,2,5
/home/thales/src/ajaac/datasets/DeepShip/DeepShip_5k_seg_3s/Tug/SEASPAN_QUEEN-52-20171104_seg036.wav,2,5
/home/thales/src/ajaac/datasets/DeepShip/DeepShip_5k_seg_3s/Tug/SEASPAN_QUEEN-52-20171104_seg165.wav,2,5
/home/thales/src/ajaac/datasets/DeepShip/DeepShip_5k_seg_3s/Tug/SEASPAN_RAVEN-52-20171201_seg170.wav,2,6
/home/thales/src/ajaac/datasets/DeepShip/DeepShip_5k_seg_3s/Tug/SEASPAN_RAVEN-52-20171201_seg100.wav,2,6
/home/thales/src/ajaac/datasets/DeepShip/DeepShip_5k_seg_3s/Tug/OCEAN_GORDON-52-20171207_seg073.wav,2,6
/home/thales/src/ajaac/datasets/DeepShip/DeepShip_5k_seg_3s/Tug/SEASPAN_QUEEN-52-20171120_seg154.wav,2,6
/home/thales/src/ajaac/datasets/DeepShip/DeepShip_5k_seg_3s/Tug/SEASPAN_QUEEN-52-20171120_seg166.wav,2,6
/home/thales/src/ajaac/datasets/DeepShip/DeepShip_5k_seg_3s/Tug/SEASPAN_QUEEN-52-20171120_seg105.wav,2,6
/home/thales/src/ajaac/datasets/DeepShip/DeepShip_5k_seg_3s/Tug/OCEAN_GORDON-52-20171207_seg047.wav,2,6
/home/thales/src/ajaac/datasets/DeepShip/DeepShip_5k_seg_3s/Tug/ARCTIC_TAGLU-52-20171128_seg097.wav,2,6
/home/thales/src/ajaac/datasets/DeepShip/DeepShip_5k_seg_3s/Tug/ARCTIC_TAGLU-52-20171128_seg077.wav,2,6
/home/thales/src/ajaac/datasets/DeepShip/DeepShip_5k_seg_3s/Tug/SEASPAN_RAVEN-52-20171201_seg106.wav,2,6
/home/thales/src/ajaac/datasets/DeepShip/DeepShip_5k_seg_3s/Tug/SEASPAN_RAVEN-52-20171201_seg087.wav,2,6
/home/thales/src/ajaac/datasets/DeepShip/DeepShip_5k_seg_3s/Tug/OCEAN_GORDON-52-20171207_seg022.wav,2,6
/home/thales/src/ajaac/datasets/DeepShip/DeepShip_5k_seg_3s/Tug/ARCTIC_TAGLU-52-20171128_seg024.wav,2,6
/home/thales/src/ajaac/datasets/DeepShip/DeepShip_5k_seg_3s/Tug/ARCTIC_TAGLU-52-20171128_seg056.wav,2,6
/home/thales/src/ajaac/datasets/DeepShip/DeepShip_5k_seg_3s/Tug/SEASPAN_QUEEN-52-20171120_seg202.wav,2,6
/home/thales/src/ajaac/datasets/DeepShip/DeepShip_5k_seg_3s/Tug/OCEAN_GORDON-52-20171203_seg031.wav,2,7
/home/thales/src/ajaac/datasets/DeepShip/DeepShip_5k_seg_3s/Tug/SEASPAN_RAVEN-52-20171209_seg140.wav,2,7
/home/thales/src/ajaac/datasets/DeepShip/DeepShip_5k_seg_3s/Tug/SEASPAN_RAVEN-52-20171213_seg213.wav,2,7
/home/thales/src/ajaac/datasets/DeepShip/DeepShip_5k_seg_3s/Tug/SEASPAN_RAVEN-52-20171209_seg123.wav,2,7
/home/thales/src/ajaac/datasets/DeepShip/DeepShip_5k_seg_3s/Tug/OCEAN_GORDON-52-20171203_seg107.wav,2,7
/home/thales/src/ajaac/datasets/DeepShip/DeepShip_5k_seg_3s/Tug/SEASPAN_RAVEN-52-20171213_seg186.wav,2,7
/home/thales/src/ajaac/datasets/DeepShip/DeepShip_5k_seg_3s/Tug/SEASPAN_RAVEN-52-20171209_seg041.wav,2,7
/home/thales/src/ajaac/datasets/DeepShip/DeepShip_5k_seg_3s/Tug/SEASPAN_RAVEN-52-20171209_seg151.wav,2,7
/home/thales/src/ajaac/datasets/DeepShip/DeepShip_5k_seg_3s/Tug/OCEAN_GORDON-52-20171203_seg196.wav,2,7
/home/thales/src/ajaac/datasets/DeepShip/DeepShip_5k_seg_3s/Tug/OCEAN_GORDON-52-20171203_seg034.wav,2,7
/home/thales/src/ajaac/datasets/DeepShip/DeepShip_5k_seg_3s/Tug/SEASPAN_RAVEN-52-20171205_seg122.wav,2,7
/home/thales/src/ajaac/datasets/DeepShip/DeepShip_5k_seg_3s/Tug/SEASPAN_RAVEN-52-20171213_seg165.wav,2,7
/home/thales/src/ajaac/datasets/DeepShip/DeepShip_5k_seg_3s/Tug/SEASPAN_RAVEN-52-20171213_seg032.wav,2,7
/home/thales/src/ajaac/datasets/DeepShip/DeepShip_5k_seg_3s/Tug/SEASPAN_RAVEN-52-20171205_seg012.wav,2,7
/home/thales/src/ajaac/datasets/DeepShip/DeepShip_5k_seg_3s/Tug/SEASPAN_RAVEN-52-20171209_seg115.wav,2,7
/home/thales/src/ajaac/datasets/DeepShip/DeepShip_5k_seg_3s/Tug/SEASPAN_RAVEN-52-20171106_seg141.wav,2,8
/home/thales/src/ajaac/datasets/DeepShip/DeepShip_5k_seg_3s/Tug/SEASPAN_RAVEN-52-20171106_seg202.wav,2,8
/home/thales/src/ajaac/datasets/DeepShip/DeepShip_5k_seg_3s/Tug/ISLAND_TUGGER-52-20171215_seg056.wav,2,8
/home/thales/src/ajaac/datasets/DeepShip/DeepShip_5k_seg_3s/Tug/SEASPAN_COMMANDER-52-20171121_seg058.wav,2,8
/home/thales/src/ajaac/datasets/DeepShip/DeepShip_5k_seg_3s/Tug/SEASPAN_COMMANDER-52-20171121_seg256.wav,2,8
/home/thales/src/ajaac/datasets/DeepShip/DeepShip_5k_seg_3s/Tug/SEASPAN_COMMANDER-52-20171121_seg137.wav,2,8
/home/thales/src/ajaac/datasets/DeepShip/DeepShip_5k_seg_3s/Tug/SEASPAN_COMMANDER-52-20171121_seg040.wav,2,8
/home/thales/src/ajaac/datasets/DeepShip/DeepShip_5k_seg_3s/Tug/SEASPAN_COMMANDER-52-20171121_seg285.wav,2,8
/home/thales/src/ajaac/datasets/DeepShip/DeepShip_5k_seg_3s/Tug/SEASPAN_COMMANDER-52-20171121_seg298.wav,2,8
/home/thales/src/ajaac/datasets/DeepShip/DeepShip_5k_seg_3s/Tug/SEASPAN_RAVEN-52-20171106_seg183.wav,2,8
/home/thales/src/ajaac/datasets/DeepShip/DeepShip_5k_seg_3s/Tug/SEASPAN_COMMANDER-52-20171121_seg266.wav,2,8
/home/thales/src/ajaac/datasets/DeepShip/DeepShip_5k_seg_3s/Tug/SEASPAN_COMMANDER-52-20171121_seg136.wav,2,8
/home/thales/src/ajaac/datasets/DeepShip/DeepShip_5k_seg_3s/Tug/SEASPAN_COMMANDER-52-20171121_seg071.wav,2,8
/home/thales/src/ajaac/datasets/DeepShip/DeepShip_5k_seg_3s/Tug/SEASPAN_RAVEN-52-20171106_seg038.wav,2,8
/home/thales/src/ajaac/datasets/DeepShip/DeepShip_5k_seg_3s/Tug/ISLAND_TUGGER-52-20171215_seg051.wav,2,8
/home/thales/src/ajaac/datasets/DeepShip/DeepShip_5k_seg_3s/Tug/SEASPAN_RAVEN-52-20171217_seg116.wav,2,9
/home/thales/src/ajaac/datasets/DeepShip/DeepShip_5k_seg_3s/Tug/CALVIN-52-20171229_seg126.wav,2,9
/home/thales/src/ajaac/datasets/DeepShip/DeepShip_5k_seg_3s/Tug/SEA_IMP-52-20171201_seg043.wav,2,9
/home/thales/src/ajaac/datasets/DeepShip/DeepShip_5k_seg_3s/Tug/SEASPAN_RAVEN-52-20171217_seg157.wav,2,9
/home/thales/src/ajaac/datasets/DeepShip/DeepShip_5k_seg_3s/Tug/SEASPAN_COMMANDER-52-20171212_seg108.wav,2,9
/home/thales/src/ajaac/datasets/DeepShip/DeepShip_5k_seg_3s/Tug/SEA_IMP-52-20171201_seg194.wav,2,9
/home/thales/src/ajaac/datasets/DeepShip/DeepShip_5k_seg_3s/Tug/SEA_IMP-52-20171201_seg165.wav,2,9
/home/thales/src/ajaac/datasets/DeepShip/DeepShip_5k_seg_3s/Tug/SEASPAN_RAVEN-52-20171217_seg048.wav,2,9
/home/thales/src/ajaac/datasets/DeepShip/DeepShip_5k_seg_3s/Tug/CALVIN-52-20171229_seg022.wav,2,9
/home/thales/src/ajaac/datasets/DeepShip/DeepShip_5k_seg_3s/Tug/SEASPAN_RAVEN-52-20171217_seg053.wav,2,9
/home/thales/src/ajaac/datasets/DeepShip/DeepShip_5k_seg_3s/Tug/SEASPAN_COMMANDER-52-20171212_seg096.wav,2,9
/home/thales/src/ajaac/datasets/DeepShip/DeepShip_5k_seg_3s/Tug/SEASPAN_RAVEN-52-20171217_seg068.wav,2,9
/home/thales/src/ajaac/datasets/DeepShip/DeepShip_5k_seg_3s/Tug/SEA_IMP-52-20171201_seg197.wav,2,9
/home/thales/src/ajaac/datasets/DeepShip/DeepShip_5k_seg_3s/Tug/SEASPAN_RAVEN-52-20171217_seg161.wav,2,9
/home/thales/src/ajaac/datasets/DeepShip/DeepShip_5k_seg_3s/Tug/SEA_IMP-52-20171201_seg116.wav,2,9
/home/thales/src/ajaac/datasets/DeepShip/DeepShip_5k_seg_3s/Passengership/COLUMBIA-69-20160625_seg127.wav,3,0
/home/thales/src/ajaac/datasets/DeepShip/DeepShip_5k_seg_3s/Passengership/COLUMBIA-69-20170827_seg056.wav,3,0
/home/thales/src/ajaac/datasets/DeepShip/DeepShip_5k_seg_3s/Passengership/SALISH_ORCA-60-20170202_seg390.wav,3,0
/home/thales/src/ajaac/datasets/DeepShip/DeepShip_5k_seg_3s/Passengership/OOSTERDAM-60-20170429_seg015.wav,3,0
/home/thales/src/ajaac/datasets/DeepShip/DeepShip_5k_seg_3s/Passengership/SALISH_ORCA-60-20170202_seg227.wav,3,0
/home/thales/src/ajaac/datasets/DeepShip/DeepShip_5k_seg_3s/Passengership/COLUMBIA-69-20160625_seg019.wav,3,0
/home/thales/src/ajaac/datasets/DeepShip/DeepShip_5k_seg_3s/Passengership/SALISH_ORCA-60-20170202_seg412.wav,3,0
/home/thales/src/ajaac/datasets/DeepShip/DeepShip_5k_seg_3s/Passengership/QUEEN_OF-60-20180912_seg036.wav,3,0
/home/thales/src/ajaac/datasets/DeepShip/DeepShip_5k_seg_3s/Passengership/SALISH_RAVEN-60-20171207_seg016.wav,3,0
/home/thales/src/ajaac/datasets/DeepShip/DeepShip_5k_seg_3s/Passengership/SALISH_ORCA-60-20170202_seg283.wav,3,0
/home/thales/src/ajaac/datasets/DeepShip/DeepShip_5k_seg_3s/Passengership/SALISH_ORCA-60-20170202_seg327.wav,3,0
/home/thales/src/ajaac/datasets/DeepShip/DeepShip_5k_seg_3s/Passengership/OOSTERDAM-60-20170429_seg013.wav,3,0
/home/thales/src/ajaac/datasets/DeepShip/DeepShip_5k_seg_3s/Passengership/SALISH_ORCA-60-20170202_seg258.wav,3,0
/home/thales/src/ajaac/datasets/DeepShip/DeepShip_5k_seg_3s/Passengership/COLUMBIA-69-20160625_seg063.wav,3,0
/home/thales/src/ajaac/datasets/DeepShip/DeepShip_5k_seg_3s/Passengership/SALISH_ORCA-60-20170202_seg284.wav,3,0
/home/thales/src/ajaac/datasets/DeepShip/DeepShip_5k_seg_3s/Passengership/ZAANDAM_246442000-60-20180506_seg138.wav,3,1
/home/thales/src/ajaac/datasets/DeepShip/DeepShip_5k_seg_3s/Passengership/QUEEN_OF-60-20170520_seg029.wav,3,1
/home/thales/src/ajaac/datasets/DeepShip/DeepShip_5k_seg_3s/Passengership/ZAANDAM_246442000-60-20180506_seg089.wav,3,1
/home/thales/src/ajaac/datasets/DeepShip/DeepShip_5k_seg_3s/Passengership/SAFARI_EXPLORER-60-20180522_seg030.wav,3,1
/home/thales/src/ajaac/datasets/DeepShip/DeepShip_5k_seg_3s/Passengership/CELEBRITY_SOLSTICE-69-20180921_seg068.wav,3,1
/home/thales/src/ajaac/datasets/DeepShip/DeepShip_5k_seg_3s/Passengership/WESTERDAM-60-20180412_seg002.wav,3,1
/home/thales/src/ajaac/datasets/DeepShip/DeepShip_5k_seg_3s/Passengership/COASTAL_INSPIRATION-60-20180905_seg027.wav,3,1
/home/thales/src/ajaac/datasets/DeepShip/DeepShip_5k_seg_3s/Passengership/COASTAL_INSPIRATION-60-20180905_seg042.wav,3,1
/home/thales/src/ajaac/datasets/DeepShip/DeepShip_5k_seg_3s/Passengership/QUEEN_OF-60-20160821_seg003.wav,3,1
/home/thales/src/ajaac/datasets/DeepShip/DeepShip_5k_seg_3s/Passengership/SAFARI_EXPLORER-60-20180522_seg217.wav,3,1
/home/thales/src/ajaac/datasets/DeepShip/DeepShip_5k_seg_3s/Passengership/COASTAL_INSPIRATION-60-20180905_seg026.wav,3,1
/home/thales/src/ajaac/datasets/DeepShip/DeepShip_5k_seg_3s/Passengership/SPIRIT_OF-60-20170215_seg156.wav,3,1
/home/thales/src/ajaac/datasets/DeepShip/DeepShip_5k_seg_3s/Passengership/QUEEN_OF-60-20170605_seg039.wav,3,1
/home/thales/src/ajaac/datasets/DeepShip/DeepShip_5k_seg_3s/Passengership/ZAANDAM_246442000-60-20180506_seg062.wav,3,1
/home/thales/src/ajaac/datasets/DeepShip/DeepShip_5k_seg_3s/Passengership/QUEEN_OF-60-20160821_seg062.wav,3,1
/home/thales/src/ajaac/datasets/DeepShip/DeepShip_5k_seg_3s/Passengership/KENNICOTT-69-20160904_seg065.wav,3,2
/home/thales/src/ajaac/datasets/DeepShip/DeepShip_5k_seg_3s/Passengership/COASTAL_RENAISSANCE-60-20180617_seg058.wav,3,2
/home/thales/src/ajaac/datasets/DeepShip/DeepShip_5k_seg_3s/Passengership/SPIRIT_OF-60-20170912_seg081.wav,3,2
/home/thales/src/ajaac/datasets/DeepShip/DeepShip_5k_seg_3s/Passengership/CRYSTAL_SERENITY-60-20160522_seg025.wav,3,2
/home/thales/src/ajaac/datasets/DeepShip/DeepShip_5k_seg_3s/Passengership/KENNICOTT-69-20160904_seg055.wav,3,2
/home/thales/src/ajaac/datasets/DeepShip/DeepShip_5k_seg_3s/Passengership/SAFARI_QUEST-65-20170417_seg063.wav,3,2
/home/thales/src/ajaac/datasets/DeepShip/DeepShip_5k_seg_3s/Passengership/QUEEN_OF-60-20171020_seg049.wav,3,2
/home/thales/src/ajaac/datasets/DeepShip/DeepShip_5k_seg_3s/Passengership/NIEUW_AMSTERDAM-60-20180505_seg061.wav,3,2
/home/thales/src/ajaac/datasets/DeepShip/DeepShip_5k_seg_3s/Passengership/KENNICOTT-69-20160904_seg077.wav,3,2
/home/thales/src/ajaac/datasets/DeepShip/DeepShip_5k_seg_3s/Passengership/V2V_EMPRESS-60-20180329_seg005.wav,3,2
/home/thales/src/ajaac/datasets/DeepShip/DeepShip_5k_seg_3s/Passengership/QUEEN_OF-60-20180420_seg045.wav,3,2
/home/thales/src/ajaac/datasets/DeepShip/DeepShip_5k_seg_3s/Passengership/SPIRIT_OF-60-20170912_seg126.wav,3,2
/home/thales/src/ajaac/datasets/DeepShip/DeepShip_5k_seg_3s/Passengership/MALASPINA-60-20160521_seg019.wav,3,2
/home/thales/src/ajaac/datasets/DeepShip/DeepShip_5k_seg_3s/Passengership/QUEEN_OF-60-20180420_seg030.wav,3,2
/home/thales/src/ajaac/datasets/DeepShip/DeepShip_5k_seg_3s/Passengership/KENNICOTT-69-20160904_seg050.wav,3,2
/home/thales/src/ajaac/datasets/DeepShip/DeepShip_5k_seg_3s/Passengership/NOORDAM-60-20180506_seg023.wav,3,3
/home/thales/src/ajaac/datasets/DeepShip/DeepShip_5k_seg_3s/Passengership/EURODAM_245206000-69-20171017_seg109.wav,3,3
/home/thales/src/ajaac/datasets/DeepShip/DeepShip_5k_seg_3s/Passengership/NOORDAM-60-20180506_seg079.wav,3,3
/home/thales/src/ajaac/datasets/DeepShip/DeepShip_5k_seg_3s/Passengership/ISLAND_PRINCESS-69-20170510_seg099.wav,3,3
/home/thales/src/ajaac/datasets/DeepShip/DeepShip_5k_seg_3s/Passengership/V2V_EMPRESS-60-20180326_seg060.wav,3,3
/home/thales/src/ajaac/datasets/DeepShip/DeepShip_5k_seg_3s/Passengership/ISLAND_PRINCESS-69-20170510_seg039.wav,3,3
/home/thales/src/ajaac/datasets/DeepShip/DeepShip_5k_seg_3s/Passengership/V2V_EMPRESS-60-20170802_seg002.wav,3,3
/home/thales/src/ajaac/datasets/DeepShip/DeepShip_5k_seg_3s/Passengership/V2V_EMPRESS-60-20180326_seg081.wav,3,3
/home/thales/src/ajaac/datasets/DeepShip/DeepShip_5k_seg_3s/Passengership/V2V_EMPRESS-60-20180326_seg032.wav,3,3
/home/thales/src/ajaac/datasets/DeepShip/DeepShip_5k_seg_3s/Passengership/SALISH_EAGLE-69-20170517_seg004.wav,3,3
/home/thales/src/ajaac/datasets/DeepShip/DeepShip_5k_seg_3s/Passengership/NOORDAM-60-20180506_seg050.wav,3,3
/home/thales/src/ajaac/datasets/DeepShip/DeepShip_5k_seg_3s/Passengership/V2V_EMPRESS-60-20180326_seg018.wav,3,3
/home/thales/src/ajaac/datasets/DeepShip/DeepShip_5k_seg_3s/Passengership/V2V_EMPRESS-60-20180326_seg054.wav,3,3
/home/thales/src/ajaac/datasets/DeepShip/DeepShip_5k_seg_3s/Passengership/EURODAM_245206000-69-20171017_seg012.wav,3,3
/home/thales/src/ajaac/datasets/DeepShip/DeepShip_5k_seg_3s/Passengership/QUEEN_OF-60-20180219_seg046.wav,3,3
/home/thales/src/ajaac/datasets/DeepShip/DeepShip_5k_seg_3s/Passengership/MALASPINA-60-20170715_seg018.wav,3,4
/home/thales/src/ajaac/datasets/DeepShip/DeepShip_5k_seg_3s/Passengership/NORTHERN_EXPEDITION-69-20170617_seg120.wav,3,4
/home/thales/src/ajaac/datasets/DeepShip/DeepShip_5k_seg_3s/Passengership/SALISH_RAVEN-60-20180503_seg065.wav,3,4
/home/thales/src/ajaac/datasets/DeepShip/DeepShip_5k_seg_3s/Passengership/QUEEN_OF-60-20170905_seg042.wav,3,4
/home/thales/src/ajaac/datasets/DeepShip/DeepShip_5k_seg_3s/Passengership/BOWEN_QUEEN-60-20160629_seg287.wav,3,4
/home/thales/src/ajaac/datasets/DeepShip/DeepShip_5k_seg_3s/Passengership/NORTHERN_EXPEDITION-69-20170617_seg145.wav,3,4
/home/thales/src/ajaac/datasets/DeepShip/DeepShip_5k_seg_3s/Passengership/QUEEN_OF-60-20160831_seg009.wav,3,4
/home/thales/src/ajaac/datasets/DeepShip/DeepShip_5k_seg_3s/Passengership/NORTHERN_EXPEDITION-69-20170617_seg518.wav,3,4
/home/thales/src/ajaac/datasets/DeepShip/DeepShip_5k_seg_3s/Passengership/NORTHERN_EXPEDITION-69-20170617_seg290.wav,3,4
/home/thales/src/ajaac/datasets/DeepShip/DeepShip_5k_seg_3s/Passengership/TACHEK-69-20160616_seg248.wav,3,4
/home/thales/src/ajaac/datasets/DeepShip/DeepShip_5k_seg_3s/Passengership/QUEEN_OF-60-20160916_seg018.wav,3,4
/home/thales/src/ajaac/datasets/DeepShip/DeepShip_5k_seg_3s/Passengership/SALISH_RAVEN-60-20180503_seg011.wav,3,4
/home/thales/src/ajaac/datasets/DeepShip/DeepShip_5k_seg_3s/Passengership/QUEEN_OF-60-20170729_seg050.wav,3,4
/home/thales/src/ajaac/datasets/DeepShip/DeepShip_5k_seg_3s/Passengership/TACHEK-69-20160616_seg130.wav,3,4
/home/thales/src/ajaac/datasets/DeepShip/DeepShip_5k_seg_3s/Passengership/NORTHERN_EXPEDITION-69-20170617_seg495.wav,3,4
/home/thales/src/ajaac/datasets/DeepShip/DeepShip_5k_seg_3s/Passengership/QUEEN_OF-60-20170517_seg032.wav,3,5
/home/thales/src/ajaac/datasets/DeepShip/DeepShip_5k_seg_3s/Passengership/SALISH_RAVEN-60-20170725_seg002.wav,3,5
/home/thales/src/ajaac/datasets/DeepShip/DeepShip_5k_seg_3s/Passengership/QUEEN_OF-60-20161102_seg100.wav,3,5
/home/thales/src/ajaac/datasets/DeepShip/DeepShip_5k_seg_3s/Passengership/QUEEN_OF-60-20160908_seg050.wav,3,5
/home/thales/src/ajaac/datasets/DeepShip/DeepShip_5k_seg_3s/Passengership/SPIRIT_OF-60-20170906_seg126.wav,3,5
/home/thales/src/ajaac/datasets/DeepShip/DeepShip_5k_seg_3s/Passengership/CELEBRITY_SOLSTICE-60-20160506_seg092.wav,3,5
/home/thales/src/ajaac/datasets/DeepShip/DeepShip_5k_seg_3s/Passengership/COLUMBIA-69-20160603_seg099.wav,3,5
/home/thales/src/ajaac/datasets/DeepShip/DeepShip_5k_seg_3s/Passengership/COASTAL_INSPIRATION-69-20160820_seg007.wav,3,5
/home/thales/src/ajaac/datasets/DeepShip/DeepShip_5k_seg_3s/Passengership/QUEEN_OF-60-20161102_seg073.wav,3,5
/home/thales/src/ajaac/datasets/DeepShip/DeepShip_5k_seg_3s/Passengership/CELEBRITY_SOLSTICE-60-20160506_seg105.wav,3,5
/home/thales/src/ajaac/datasets/DeepShip/DeepShip_5k_seg_3s/Passengership/SPIRIT_OF-60-20170906_seg117.wav,3,5
/home/thales/src/ajaac/datasets/DeepShip/DeepShip_5k_seg_3s/Passengership/COLUMBIA-69-20160603_seg056.wav,3,5
/home/thales/src/ajaac/datasets/DeepShip/DeepShip_5k_seg_3s/Passengership/QUEEN_OF-60-20161102_seg022.wav,3,5
/home/thales/src/ajaac/datasets/DeepShip/DeepShip_5k_seg_3s/Passengership/SPIRIT_OF-60-20170906_seg015.wav,3,5
/home/thales/src/ajaac/datasets/DeepShip/DeepShip_5k_seg_3s/Passengership/COLUMBIA-69-20160603_seg049.wav,3,5
/home/thales/src/ajaac/datasets/DeepShip/DeepShip_5k_seg_3s/Passengership/SAFARI_QUEST-65-20180520_seg081.wav,3,6
/home/thales/src/ajaac/datasets/DeepShip/DeepShip_5k_seg_3s/Passengership/THE_WORLD-60-20170716_seg118.wav,3,6
/home/thales/src/ajaac/datasets/DeepShip/DeepShip_5k_seg_3s/Passengership/SEABOURN_SOJOURN-60-20170601_seg006.wav,3,6
/home/thales/src/ajaac/datasets/DeepShip/DeepShip_5k_seg_3s/Passengership/COASTAL_RENAISSANCE-69-20160606_seg004.wav,3,6
/home/thales/src/ajaac/datasets/DeepShip/DeepShip_5k_seg_3s/Passengership/COLUMBIA-69-20160910_seg071.wav,3,6
/home/thales/src/ajaac/datasets/DeepShip/DeepShip_5k_seg_3s/Passengership/COASTAL_INSPIRATION-60-20180205_seg004.wav,3,6
/home/thales/src/ajaac/datasets/DeepShip/DeepShip_5k_seg_3s/Passengership/SEABOURN_SOJOURN-60-20170601_seg076.wav,3,6
/home/thales/src/ajaac/datasets/DeepShip/DeepShip_5k_seg_3s/Passengership/NORTHERN_ADVENTURE-60-20180330_seg180.wav,3,6
/home/thales/src/ajaac/datasets/DeepShip/DeepShip_5k_seg_3s/Passengership/NORTHERN_ADVENTURE-60-20180330_seg093.wav,3,6
/home/thales/src/ajaac/datasets/DeepShip/DeepShip_5k_seg_3s/Passengership/SAFARI_QUEST-65-20180520_seg044.wav,3,6
/home/thales/src/ajaac/datasets/DeepShip/DeepShip_5k_seg_3s/Passengership/SAFARI_QUEST-65-20180520_seg047.wav,3,6
/home/thales/src/ajaac/datasets/DeepShip/DeepShip_5k_seg_3s/Passengership/COLUMBIA-69-20160910_seg088.wav,3,6
/home/thales/src/ajaac/datasets/DeepShip/DeepShip_5k_seg_3s/Passengership/SEABOURN_SOJOURN-60-20170601_seg087.wav,3,6
/home/thales/src/ajaac/datasets/DeepShip/DeepShip_5k_seg_3s/Passengership/THE_WORLD-60-20170716_seg037.wav,3,6
/home/thales/src/ajaac/datasets/DeepShip/DeepShip_5k_seg_3s/Passengership/THE_WORLD-60-20170716_seg078.wav,3,6
/home/thales/src/ajaac/datasets/DeepShip/DeepShip_5k_seg_3s/Passengership/QUEEN_OF-60-20171116_seg026.wav,3,7
/home/thales/src/ajaac/datasets/DeepShip/DeepShip_5k_seg_3s/Passengership/SAFARI_QUEST-65-20170508_seg044.wav,3,7
/home/thales/src/ajaac/datasets/DeepShip/DeepShip_5k_seg_3s/Passengership/QUADRA_QUEEN-69-20180630_seg014.wav,3,7
/home/thales/src/ajaac/datasets/DeepShip/DeepShip_5k_seg_3s/Passengership/SAFARI_QUEST-65-20170508_seg009.wav,3,7
/home/thales/src/ajaac/datasets/DeepShip/DeepShip_5k_seg_3s/Passengership/COASTAL_INSPIRATION-60-20170912_seg050.wav,3,7
/home/thales/src/ajaac/datasets/DeepShip/DeepShip_5k_seg_3s/Passengership/SAFARI_QUEST-65-20171106_seg042.wav,3,7
/home/thales/src/ajaac/datasets/DeepShip/DeepShip_5k_seg_3s/Passengership/SALISH_RAVEN-60-20180406_seg057.wav,3,7
/home/thales/src/ajaac/datasets/DeepShip/DeepShip_5k_seg_3s/Passengership/SAFARI_QUEST-65-20170508_seg036.wav,3,7
/home/thales/src/ajaac/datasets/DeepShip/DeepShip_5k_seg_3s/Passengership/V2V_EMPRESS-60-20170511_seg121.wav,3,7
/home/thales/src/ajaac/datasets/DeepShip/DeepShip_5k_seg_3s/Passengership/SAFARI_QUEST-65-20171106_seg006.wav,3,7
/home/thales/src/ajaac/datasets/DeepShip/DeepShip_5k_seg_3s/Passengership/QUEEN_OF-60-20161208_seg099.wav,3,7
/home/thales/src/ajaac/datasets/DeepShip/DeepShip_5k_seg_3s/Passengership/SAFARI_QUEST-65-20170508_seg019.wav,3,7
/home/thales/src/ajaac/datasets/DeepShip/DeepShip_5k_seg_3s/Passengership/COASTAL_CELEBRATION-69-20180406_seg018.wav,3,7
/home/thales/src/ajaac/datasets/DeepShip/DeepShip_5k_seg_3s/Passengership/SALISH_EAGLE-69-20170530_seg091.wav,3,7
/home/thales/src/ajaac/datasets/DeepShip/DeepShip_5k_seg_3s/Passengership/SALISH_EAGLE-69-20170530_seg028.wav,3,7
/home/thales/src/ajaac/datasets/DeepShip/DeepShip_5k_seg_3s/Passengership/SEVEN_SEAS-60-20170709_seg197.wav,3,8
/home/thales/src/ajaac/datasets/DeepShip/DeepShip_5k_seg_3s/Passengership/QUEEN_OF-60-20161003_seg009.wav,3,8
/home/thales/src/ajaac/datasets/DeepShip/DeepShip_5k_seg_3s/Passengership/MAYNE_QUEEN-60-20160506_seg055.wav,3,8
/home/thales/src/ajaac/datasets/DeepShip/DeepShip_5k_seg_3s/Passengership/SEVEN_SEAS-60-20170709_seg056.wav,3,8
/home/thales/src/ajaac/datasets/DeepShip/DeepShip_5k_seg_3s/Passengership/QUEEN_OF-60-20180518_seg023.wav,3,8
/home/thales/src/ajaac/datasets/DeepShip/DeepShip_5k_seg_3s/Passengership/SEVEN_SEAS-60-20170709_seg021.wav,3,8
/home/thales/src/ajaac/datasets/DeepShip/DeepShip_5k_seg_3s/Passengership/MAYNE_QUEEN-60-20160506_seg034.wav,3,8
/home/thales/src/ajaac/datasets/DeepShip/DeepShip_5k_seg_3s/Passengership/SEVEN_SEAS-60-20170709_seg043.wav,3,8
/home/thales/src/ajaac/datasets/DeepShip/DeepShip_5k_seg_3s/Passengership/KENNICOTT-69-20170723_seg013.wav,3,8
/home/thales/src/ajaac/datasets/DeepShip/DeepShip_5k_seg_3s/Passengership/SPIRIT_OF-69-20180905_seg027.wav,3,8
/home/thales/src/ajaac/datasets/DeepShip/DeepShip_5k_seg_3s/Passengership/V2V_EMPRESS-60-20180913_seg003.wav,3,8
/home/thales/src/ajaac/datasets/DeepShip/DeepShip_5k_seg_3s/Passengership/SEVEN_SEAS-60-20170709_seg046.wav,3,8
/home/thales/src/ajaac/datasets/DeepShip/DeepShip_5k_seg_3s/Passengership/QUEEN_OF-60-20160505_seg009.wav,3,8
/home/thales/src/ajaac/datasets/DeepShip/DeepShip_5k_seg_3s/Passengership/SALISH_EAGLE-69-20171012_seg097.wav,3,8
/home/thales/src/ajaac/datasets/DeepShip/DeepShip_5k_seg_3s/Passengership/MAYNE_QUEEN-60-20160506_seg111.wav,3,8
/home/thales/src/ajaac/datasets/DeepShip/DeepShip_5k_seg_3s/Passengership/V2V_EMPRESS-60-20180120_seg025.wav,3,9
/home/thales/src/ajaac/datasets/DeepShip/DeepShip_5k_seg_3s/Passengership/CARNIVAL_LEGEND-60-20180501_seg007.wav,3,9
/home/thales/src/ajaac/datasets/DeepShip/DeepShip_5k_seg_3s/Passengership/EUROPA-60-20170512_seg038.wav,3,9
/home/thales/src/ajaac/datasets/DeepShip/DeepShip_5k_seg_3s/Passengership/CORAL_PRINCESS-60-20170506_seg068.wav,3,9
/home/thales/src/ajaac/datasets/DeepShip/DeepShip_5k_seg_3s/Passengership/CARNIVAL_LEGEND-60-20180501_seg046.wav,3,9
/home/thales/src/ajaac/datasets/DeepShip/DeepShip_5k_seg_3s/Passengership/SEVEN_SEAS-60-20180711_seg041.wav,3,9
/home/thales/src/ajaac/datasets/DeepShip/DeepShip_5k_seg_3s/Passengership/SEVEN_SEAS-60-20180711_seg022.wav,3,9
/home/thales/src/ajaac/datasets/DeepShip/DeepShip_5k_seg_3s/Passengership/SEVEN_SEAS-60-20180711_seg012.wav,3,9
/home/thales/src/ajaac/datasets/DeepShip/DeepShip_5k_seg_3s/Passengership/CARNIVAL_LEGEND-60-20180501_seg005.wav,3,9
/home/thales/src/ajaac/datasets/DeepShip/DeepShip_5k_seg_3s/Passengership/COLUMBIA-69-20160716_seg017.wav,3,9
/home/thales/src/ajaac/datasets/DeepShip/DeepShip_5k_seg_3s/Passengership/CORAL_PRINCESS-60-20170506_seg013.wav,3,9
/home/thales/src/ajaac/datasets/DeepShip/DeepShip_5k_seg_3s/Passengership/QUEEN_OF-60-20171120_seg010.wav,3,9
/home/thales/src/ajaac/datasets/DeepShip/DeepShip_5k_seg_3s/Passengership/CARNIVAL_LEGEND-60-20180501_seg076.wav,3,9
/home/thales/src/ajaac/datasets/DeepShip/DeepShip_5k_seg_3s/Passengership/COASTAL_RENAISSANCE-60-20180125_seg020.wav,3,9
/home/thales/src/ajaac/datasets/DeepShip/DeepShip_5k_seg_3s/Passengership/COLUMBIA-69-20160716_seg100.wav,3,9
